source	target	bytes	mode	sha256	gitBlobOid
/Users/zacheryspector/studio-scratch/1370-c0-h-r13-root-drift-attribution-design-independent-review-r4/RECEIPT.json	docs/engineering/playability-launch-review/evidence/p14b4-20260919/1370-stage/forty-first-verification/1370-c0-h-r13-root-drift-attribution-design-independent-review-r4/RECEIPT.json	1027	0o644	f7ccb46627aad487f56a6f413e7f2d862d382c8412aeed7e9cc4944e2327ca6f	5641fe1fc10ef2ee6c1f379df52f49e2fcf9e724
/Users/zacheryspector/studio-scratch/1370-c0-h-r13-root-drift-attribution-design-independent-review-r4/REVIEW.md	docs/engineering/playability-launch-review/evidence/p14b4-20260919/1370-stage/forty-first-verification/1370-c0-h-r13-root-drift-attribution-design-independent-review-r4/REVIEW.md	1904	0o644	c714ca04fbf4ff47320a8a5cb0634dd671e0dfb7cb172463d897dd732c5bda40	41f7c84d88954016ea8f9f0d1e620916cc084dbc
/Users/zacheryspector/studio-scratch/1370-c0-h-r13-root-drift-attribution-r5-independent-design-review-r1/RECEIPT.json	docs/engineering/playability-launch-review/evidence/p14b4-20260919/1370-stage/forty-first-verification/1370-c0-h-r13-root-drift-attribution-r5-independent-design-review-r1/RECEIPT.json	704	0o644	29ee4c9f87d4944b10c73fb4f9cb9f3ff8be8ec0e0ddb48800ac53756de23680	381348a4d4b4f6f91a7129f7caef4eabdc3e3308
/Users/zacheryspector/studio-scratch/1370-c0-h-r13-root-drift-attribution-r5-independent-design-review-r1/REVIEW.md	docs/engineering/playability-launch-review/evidence/p14b4-20260919/1370-stage/forty-first-verification/1370-c0-h-r13-root-drift-attribution-r5-independent-design-review-r1/REVIEW.md	3440	0o644	d88659c2a5c281f3e4645494d277e1e3faef507eb5ebebfa9adb0c8a08677b72	35966064d5a9a8b9c069dcdd055208edf786769e
/Users/zacheryspector/studio-scratch/1370-c0-h-r13-root-drift-attribution-route-design-r4/BINDING-UNFILLED.json	docs/engineering/playability-launch-review/evidence/p14b4-20260919/1370-stage/forty-first-verification/1370-c0-h-r13-root-drift-attribution-route-design-r4/BINDING-UNFILLED.json	1049	0o644	e5a55434dff70f0e21ad99a7ff43ac0e718f8d7d068f5ef276eb01d122e1591b	05135cadf839d2b1c3bf8989ebd54b2622bca93b
/Users/zacheryspector/studio-scratch/1370-c0-h-r13-root-drift-attribution-route-design-r4/PLAN.md	docs/engineering/playability-launch-review/evidence/p14b4-20260919/1370-stage/forty-first-verification/1370-c0-h-r13-root-drift-attribution-route-design-r4/PLAN.md	12899	0o644	b1f42ea4c301e04903e8bf2b4b7c8560724ab1c9407300481dda4d4730bc506a	397dad3874da35ca25714185bfaa57b13aa0a2a5
/Users/zacheryspector/studio-scratch/1370-c0-h-r13-root-drift-attribution-route-design-r5/PLAN.md	docs/engineering/playability-launch-review/evidence/p14b4-20260919/1370-stage/forty-first-verification/1370-c0-h-r13-root-drift-attribution-route-design-r5/PLAN.md	8713	0o644	07bb080a579501bc4921591a5ff7137ae11220e9c2de6731e1986b9ef7490403	a7dab6a6fdd5cb6990c90d5f4dd2dbc4928d4aee
/Users/zacheryspector/studio-scratch/1370-c0-h-r13-root-drift-attribution-route-design-r5/RECEIPT.json	docs/engineering/playability-launch-review/evidence/p14b4-20260919/1370-stage/forty-first-verification/1370-c0-h-r13-root-drift-attribution-route-design-r5/RECEIPT.json	710	0o644	5c07618187858bee0b1627b844adb9ef7076c1063a6a64f65ef59e2da8a0bd2d	6b51d3c80dde4accc28a456260df0146152ace6a
/Users/zacheryspector/studio-scratch/1370-c0-h-r4-control-recorder-independent-addendum-r1/RECEIPT.json	docs/engineering/playability-launch-review/evidence/p14b4-20260919/1370-stage/forty-first-verification/1370-c0-h-r4-control-recorder-independent-addendum-r1/RECEIPT.json	1500	0o644	8ea77b8f9be5d474a01d688733821374b065bdd7688b4f5d7fc0cb3554d4de59	78d8202fcb2dbe0ccbb7f21f5892000cf87dc6a8
/Users/zacheryspector/studio-scratch/1370-c0-h-r4-control-recorder-independent-addendum-r1/REVIEW.md	docs/engineering/playability-launch-review/evidence/p14b4-20260919/1370-stage/forty-first-verification/1370-c0-h-r4-control-recorder-independent-addendum-r1/REVIEW.md	3815	0o644	9587a876eef07eefc88384255a7869390b263901da62c3e255016e25eda85fb4	01bfe4ef219e80e8bb96eaefff38ec1d576c6ad4
/Users/zacheryspector/studio-scratch/1370-c0-h-r4-control-recorder-independent-addendum-r1/swapped_parent_red.py	docs/engineering/playability-launch-review/evidence/p14b4-20260919/1370-stage/forty-first-verification/1370-c0-h-r4-control-recorder-independent-addendum-r1/swapped_parent_red.py	2323	0o644	0c23d16a06e49946ca4e61043f88c693eb1ffc4b1f932b638f23c2bd0d8a39fc	85b88c12b0f6b6e71120e947b8ab33a89f6d3863
/Users/zacheryspector/studio-scratch/1370-c0-h-r4-control-recorder-independent-static-review-r3/RECEIPT.json	docs/engineering/playability-launch-review/evidence/p14b4-20260919/1370-stage/forty-first-verification/1370-c0-h-r4-control-recorder-independent-static-review-r3/RECEIPT.json	1381	0o644	32dc1e7ca07be2615950076fabcf72d55bb2ecf057b9cdf5d8fee370b9f7dd94	c4ef1bf8c5aac4d9d9e0cfbfd583db483ac7ba72
/Users/zacheryspector/studio-scratch/1370-c0-h-r4-control-recorder-independent-static-review-r3/REVIEW.md	docs/engineering/playability-launch-review/evidence/p14b4-20260919/1370-stage/forty-first-verification/1370-c0-h-r4-control-recorder-independent-static-review-r3/REVIEW.md	1723	0o644	33bff55fb7e8f862b775ad9dacc6cbd3ad7eaa2a011293e8c3a6da22f6031874	3d3cbc63abbba06df8e219c1bc5b295c64104ede
/Users/zacheryspector/studio-scratch/1370-c0-h-r4-control-recorder-proposal-r3/REPORT.md	docs/engineering/playability-launch-review/evidence/p14b4-20260919/1370-stage/forty-first-verification/1370-c0-h-r4-control-recorder-proposal-r3/REPORT.md	2814	0o644	8eab313c352c1669f341f2071f81b0b09013cfe378cd0ac9dfeb1d5f4f411b03	8ec7b1b9a2b6d796c5f21b81a58ada012ff30d3d
/Users/zacheryspector/studio-scratch/1370-c0-h-r4-control-recorder-proposal-r3/TEST-RESULT.json	docs/engineering/playability-launch-review/evidence/p14b4-20260919/1370-stage/forty-first-verification/1370-c0-h-r4-control-recorder-proposal-r3/TEST-RESULT.json	572	0o644	a127942cce836600097256ac04127ef22d7a2025e14a6e9996530f523e4da570	73f5e64140f2415ec72e412029d1b878edc59b6f
/Users/zacheryspector/studio-scratch/1370-c0-h-r4-control-recorder-proposal-r3/mac_xattr.py	docs/engineering/playability-launch-review/evidence/p14b4-20260919/1370-stage/forty-first-verification/1370-c0-h-r4-control-recorder-proposal-r3/mac_xattr.py	2126	0o644	ea28ddf959c530ae54dbbcc93b35197c4d6874534a72ade47235df4b4262d207	eacba224984e21dfcc2f96f78f1ab9cbbdcb982e
/Users/zacheryspector/studio-scratch/1370-c0-h-r4-control-recorder-proposal-r3/native_metadata.py	docs/engineering/playability-launch-review/evidence/p14b4-20260919/1370-stage/forty-first-verification/1370-c0-h-r4-control-recorder-proposal-r3/native_metadata.py	5080	0o644	8860457b2b2157e10dc0ea0e52b25d1205e024ebc25cd62d514a1468b31de70d	3f6384ea26243162fe445828619b2862a4f4279b
/Users/zacheryspector/studio-scratch/1370-c0-h-r4-control-recorder-proposal-r3/recorder.py	docs/engineering/playability-launch-review/evidence/p14b4-20260919/1370-stage/forty-first-verification/1370-c0-h-r4-control-recorder-proposal-r3/recorder.py	29976	0o644	d833fedf85d0fded19f660d465f66b804c262166e1115a489836a990e37b14b7	352b816626e03b8afa7e7db8aed3e18d8ef28e1f
/Users/zacheryspector/studio-scratch/1370-c0-h-r4-control-recorder-proposal-r3/safe_output.py	docs/engineering/playability-launch-review/evidence/p14b4-20260919/1370-stage/forty-first-verification/1370-c0-h-r4-control-recorder-proposal-r3/safe_output.py	2876	0o644	acb21fd5e05eeffd7f57bad045c14df7a8a6cbfa29f817d084c1fc3005d96512	63f7576fffaed0ca07bbbe89ae7a59baa4c99856
/Users/zacheryspector/studio-scratch/1370-c0-h-r4-control-recorder-proposal-r3/selftest.py	docs/engineering/playability-launch-review/evidence/p14b4-20260919/1370-stage/forty-first-verification/1370-c0-h-r4-control-recorder-proposal-r3/selftest.py	6071	0o644	5c1370f2443e47b8353ddc4d6c5465cbc85f8fba037446541baf44dbad3df6f0	230f606f8347a77a688a5224f482be6a7ca6ebe1
/Users/zacheryspector/studio-scratch/1370-c0-h-r4-control-recorder-proposal-r3/watcher.cjs	docs/engineering/playability-launch-review/evidence/p14b4-20260919/1370-stage/forty-first-verification/1370-c0-h-r4-control-recorder-proposal-r3/watcher.cjs	1393	0o644	00fac820ec87344e82fbc3c4d4df04c7d83f6ead5b667fcbd9236d515a1a6a62	e6bc083b513df3251f3b2ff842b35ce57dbc4e2a
/Users/zacheryspector/studio-scratch/1370-c0-h-r4-materializer-bootstrap-independent-static-review-r1/RECEIPT.json	docs/engineering/playability-launch-review/evidence/p14b4-20260919/1370-stage/forty-first-verification/1370-c0-h-r4-materializer-bootstrap-independent-static-review-r1/RECEIPT.json	3356	0o644	f15db46a34a0afef40bf7a1e08893489eb23b93fb527a48afc89ecc9457e9495	242b71663a2cd878cd19ad1ab6bb6dace282b940
/Users/zacheryspector/studio-scratch/1370-c0-h-r4-materializer-bootstrap-proposal-r1/BINDING-UNFILLED.json	docs/engineering/playability-launch-review/evidence/p14b4-20260919/1370-stage/forty-first-verification/1370-c0-h-r4-materializer-bootstrap-proposal-r1/BINDING-UNFILLED.json	1156	0o644	6b502d2973f01dba13af9cbc1c3e0c6ab2c44de198c3bcc323d43b9918425624	45ac0b5ea8ffd40ef4e44e5cd50491d2f8b31e85
/Users/zacheryspector/studio-scratch/1370-c0-h-r4-materializer-bootstrap-proposal-r1/PLAN.md	docs/engineering/playability-launch-review/evidence/p14b4-20260919/1370-stage/forty-first-verification/1370-c0-h-r4-materializer-bootstrap-proposal-r1/PLAN.md	3322	0o644	95bb3e359daa0c20668de5dda3a759f00e8f1c2062b1a3bff80a73368b12115c	657136b3e9d3ce1806e07bf7bdcd8f39f3d12e8a
/Users/zacheryspector/studio-scratch/1370-c0-h-r4-materializer-bootstrap-proposal-r1/REPORT.md	docs/engineering/playability-launch-review/evidence/p14b4-20260919/1370-stage/forty-first-verification/1370-c0-h-r4-materializer-bootstrap-proposal-r1/REPORT.md	685	0o644	02e5c16a5ca0f74fe6808cf9a6d6ec8cdf9ca56211c8894ccbbde9d89b63c4ae	d8c0bbbce26aaf484613734270ee630b263d016a
/Users/zacheryspector/studio-scratch/1370-c0-h-r4-materializer-bootstrap-proposal-r1/TEST-RESULT.json	docs/engineering/playability-launch-review/evidence/p14b4-20260919/1370-stage/forty-first-verification/1370-c0-h-r4-materializer-bootstrap-proposal-r1/TEST-RESULT.json	1558	0o644	a4f443975bb2d5a426a848d322e835eefad648106e06636200cc403856801a1c	f5ba670190d99713251b08ae0d49b9c635284c89
/Users/zacheryspector/studio-scratch/1370-c0-h-r4-materializer-bootstrap-proposal-r1/bootstrap.py	docs/engineering/playability-launch-review/evidence/p14b4-20260919/1370-stage/forty-first-verification/1370-c0-h-r4-materializer-bootstrap-proposal-r1/bootstrap.py	13352	0o644	9ad797e962939aa297d2aed28ececb7f2b2d15f6f35ac5e736912e58aef30469	0b60a4d0bd2fb957bcfc199444255b4354b997c6
/Users/zacheryspector/studio-scratch/1370-c0-h-r4-materializer-bootstrap-proposal-r1/fixture_worker.py	docs/engineering/playability-launch-review/evidence/p14b4-20260919/1370-stage/forty-first-verification/1370-c0-h-r4-materializer-bootstrap-proposal-r1/fixture_worker.py	1150	0o644	e21448a27fc1379cb1c474afd2c11ec6281ec53787fa418ae2fb50202d77ff48	2b9677b911f9db09a6d15edb2e1047ddb3a30e9e
/Users/zacheryspector/studio-scratch/1370-c0-h-r4-materializer-bootstrap-proposal-r1/selfcheck.py	docs/engineering/playability-launch-review/evidence/p14b4-20260919/1370-stage/forty-first-verification/1370-c0-h-r4-materializer-bootstrap-proposal-r1/selfcheck.py	4038	0o644	27c8d182b8fd9f44f9a5c94b50560597cfc458570380cc6a0dc4d8591eed495b	95943caf42bf2c6a7b6bb2cf5f59300601ff0b7c
/Users/zacheryspector/studio-scratch/1370-c0-h-r4-materializer-bootstrap-proposal-r1/worker.py	docs/engineering/playability-launch-review/evidence/p14b4-20260919/1370-stage/forty-first-verification/1370-c0-h-r4-materializer-bootstrap-proposal-r1/worker.py	958	0o644	ff6186151c1b910715bc05dc1bc612eabad75ba50b4e0540169a331169e10ef4	a47c5373bf0f7eb66e6069c9719dfaa000121407
/Users/zacheryspector/studio-scratch/1370-c0-h-r4-materializer-independent-static-review-r4/RECEIPT.json	docs/engineering/playability-launch-review/evidence/p14b4-20260919/1370-stage/forty-first-verification/1370-c0-h-r4-materializer-independent-static-review-r4/RECEIPT.json	1632	0o644	4ee99b07b7521b8724ff43ace68531a0b5442ab6210bbc7c3dde9b6e302def4e	64c0914ce01b6bf9c7726163cfc3ead379a56038
/Users/zacheryspector/studio-scratch/1370-c0-h-r4-materializer-independent-static-review-r4/REVIEW.md	docs/engineering/playability-launch-review/evidence/p14b4-20260919/1370-stage/forty-first-verification/1370-c0-h-r4-materializer-independent-static-review-r4/REVIEW.md	4768	0o644	09032fc11ab254dea718340ef51d78d20454f87ba849893a2e4013a6bf2b35d8	041cbc8ca8bd0d3ca128ad32482bca844c958d54
/Users/zacheryspector/studio-scratch/1370-c0-h-r4-materializer-independent-static-review-r4/SWAP-RED-RESULT.json	docs/engineering/playability-launch-review/evidence/p14b4-20260919/1370-stage/forty-first-verification/1370-c0-h-r4-materializer-independent-static-review-r4/SWAP-RED-RESULT.json	175	0o644	675f0b40a32a8b9f4a98154c0e80f3f3e377c2ff433415581848ab8c8a5054d4	a09786c32fa0289529de2f8c5c351ecc7d009db8
/Users/zacheryspector/studio-scratch/1370-c0-h-r4-materializer-independent-static-review-r4/swapped_parent_red.py	docs/engineering/playability-launch-review/evidence/p14b4-20260919/1370-stage/forty-first-verification/1370-c0-h-r4-materializer-independent-static-review-r4/swapped_parent_red.py	2298	0o644	29573d05bd29835f99295eb0d39d7e44bb4fd1c2a715f78ab8c478f87e2e5b34	dd751e238e1c31819a04d3cdf94d10513599b3e9
/Users/zacheryspector/studio-scratch/1370-c0-h-r4-materializer-proposal-r4/BINDING-UNFILLED.json	docs/engineering/playability-launch-review/evidence/p14b4-20260919/1370-stage/forty-first-verification/1370-c0-h-r4-materializer-proposal-r4/BINDING-UNFILLED.json	3216	0o644	6a68a9bb95031bb73cb816541dc4867ec98244241433ba1b787e7016295e44cf	a1675470393eb873810bf0746a97f77a7adb1aca
/Users/zacheryspector/studio-scratch/1370-c0-h-r4-materializer-proposal-r4/PLAN.md	docs/engineering/playability-launch-review/evidence/p14b4-20260919/1370-stage/forty-first-verification/1370-c0-h-r4-materializer-proposal-r4/PLAN.md	3188	0o644	b1750f160b9bd83961e12a7c5286350f45b9ce49e3bd9270f6fc9eb5ef27cb53	f1f8e84345c4ab7f07f8de72a989d1d2e332fe27
/Users/zacheryspector/studio-scratch/1370-c0-h-r4-materializer-proposal-r4/REPORT.md	docs/engineering/playability-launch-review/evidence/p14b4-20260919/1370-stage/forty-first-verification/1370-c0-h-r4-materializer-proposal-r4/REPORT.md	2862	0o644	683f5761ad29dad0d471ec59536c310edd35ce1d289deb413755d7320d0ad452	c2725205a7207a309e7b98f5e58967aa81ede110
/Users/zacheryspector/studio-scratch/1370-c0-h-r4-materializer-proposal-r4/denied_signal_red.py	docs/engineering/playability-launch-review/evidence/p14b4-20260919/1370-stage/forty-first-verification/1370-c0-h-r4-materializer-proposal-r4/denied_signal_red.py	2125	0o644	5379dd11cb70dab37b99109545aeeb84190ec9f912bec9550de8607543af2b1d	17d0c78e11d182ba8ffd505f3eb4d54a76ea0051
/Users/zacheryspector/studio-scratch/1370-c0-h-r4-materializer-proposal-r4/dependency_manifest.py	docs/engineering/playability-launch-review/evidence/p14b4-20260919/1370-stage/forty-first-verification/1370-c0-h-r4-materializer-proposal-r4/dependency_manifest.py	4709	0o644	237297eaa4145ead916c1dcae9913923bdc68348d429039ebd6cf004d4431cb1	2876d39d80b3e0bf3460f150bfab0b24d8537547
/Users/zacheryspector/studio-scratch/1370-c0-h-r4-materializer-proposal-r4/materialize.py	docs/engineering/playability-launch-review/evidence/p14b4-20260919/1370-stage/forty-first-verification/1370-c0-h-r4-materializer-proposal-r4/materialize.py	28821	0o644	b0dfae70f81b98182f0e54ea267d555827b1780464c873744e859041175117fc	ae677f319de2e27d4abcb74937e11165bf487f25
/Users/zacheryspector/studio-scratch/1370-c0-h-r4-materializer-proposal-r4/native_metadata.py	docs/engineering/playability-launch-review/evidence/p14b4-20260919/1370-stage/forty-first-verification/1370-c0-h-r4-materializer-proposal-r4/native_metadata.py	5080	0o644	8860457b2b2157e10dc0ea0e52b25d1205e024ebc25cd62d514a1468b31de70d	3f6384ea26243162fe445828619b2862a4f4279b
/Users/zacheryspector/studio-scratch/1370-c0-h-r4-materializer-proposal-r4/run.py	docs/engineering/playability-launch-review/evidence/p14b4-20260919/1370-stage/forty-first-verification/1370-c0-h-r4-materializer-proposal-r4/run.py	2716	0o644	15cb068f892edf58941d0cfc029d3bccffc78994077dfc48d810320939d437cf	28600932c8a1fa25a5788604ec54c5acc4ec67e5
/Users/zacheryspector/studio-scratch/1370-c0-h-r4-materializer-proposal-r4/safe_output.py	docs/engineering/playability-launch-review/evidence/p14b4-20260919/1370-stage/forty-first-verification/1370-c0-h-r4-materializer-proposal-r4/safe_output.py	3589	0o644	e71cbeeca93a630c61f64e3e9dc032a62a45a8c03c8c9f069b01c38f7ebf2bc3	5f822aede725f3293e00410b4c423d2086923020
/Users/zacheryspector/studio-scratch/1370-c0-h-r4-materializer-proposal-r4/selfcheck.py	docs/engineering/playability-launch-review/evidence/p14b4-20260919/1370-stage/forty-first-verification/1370-c0-h-r4-materializer-proposal-r4/selfcheck.py	7353	0o644	9b9c7eebb5f5eaa136f79d381c828e93f983eab7cb0a4fbf449a770c321b933e	93f45b580531fe71daeda216e53894c478059d91
/Users/zacheryspector/studio-scratch/1370-c0-h-r4-preloader-independent-static-review-r2/RECEIPT.json	docs/engineering/playability-launch-review/evidence/p14b4-20260919/1370-stage/forty-first-verification/1370-c0-h-r4-preloader-independent-static-review-r2/RECEIPT.json	1166	0o644	77ee69cade10c72b8f71cb58e20262edb35706d6292e2a1e05f5ee5563f56b3d	cea934bbbc69c1421d22e8ace0982d0b0adc06ed
/Users/zacheryspector/studio-scratch/1370-c0-h-r4-preloader-independent-static-review-r2/REVIEW.md	docs/engineering/playability-launch-review/evidence/p14b4-20260919/1370-stage/forty-first-verification/1370-c0-h-r4-preloader-independent-static-review-r2/REVIEW.md	1949	0o644	60a3350d4c09960eefcd6f98252cee82993c8de797a992715ca76e3216389e00	e265066cf713c70f5e477a16b2ff6be71d70e635
/Users/zacheryspector/studio-scratch/1370-c0-h-r4-preloader-proposal-r2/REPORT.md	docs/engineering/playability-launch-review/evidence/p14b4-20260919/1370-stage/forty-first-verification/1370-c0-h-r4-preloader-proposal-r2/REPORT.md	4519	0o644	cbd20e43329c7d9ed5733a0f19465bbb110ea294f534f65aba94607cec20277c	aa89e4601a43f839d15a73368375ad326220f6d5
/Users/zacheryspector/studio-scratch/1370-c0-h-r4-preloader-proposal-r2/TEST-RESULT.json	docs/engineering/playability-launch-review/evidence/p14b4-20260919/1370-stage/forty-first-verification/1370-c0-h-r4-preloader-proposal-r2/TEST-RESULT.json	721	0o644	6ec8bbea2975d87396f471c38350cfc98a9ab6f516c1be43218a1b5898699891	4be117f2a64c4988a18188c899a8b5167a9182ca
/Users/zacheryspector/studio-scratch/1370-c0-h-r4-preloader-proposal-r2/preloader.cjs	docs/engineering/playability-launch-review/evidence/p14b4-20260919/1370-stage/forty-first-verification/1370-c0-h-r4-preloader-proposal-r2/preloader.cjs	11129	0o644	aa6a4393f93977287ee868012f610e6b039f67fdbd1000326c9e4db8cccb1c65	f0f25f4c039d2913286608df376a78f4b15a5934
/Users/zacheryspector/studio-scratch/1370-c0-h-r4-preloader-proposal-r2/secure_log.c	docs/engineering/playability-launch-review/evidence/p14b4-20260919/1370-stage/forty-first-verification/1370-c0-h-r4-preloader-proposal-r2/secure_log.c	5786	0o644	8283545578d669f3acc50183f17c021275a2ee301f82e0b6650f5339f3ed6131	c4bec13cad56e0a9f826b50e6b4528ed24f9eec5
/Users/zacheryspector/studio-scratch/1370-c0-h-r4-preloader-proposal-r2/secure_log.node	docs/engineering/playability-launch-review/evidence/p14b4-20260919/1370-stage/forty-first-verification/1370-c0-h-r4-preloader-proposal-r2/secure_log.node	34768	0o755	8781e556faa9088d90d5e35f5782614d09b0a28d0b61bd5e737ca125304158b8	0ae3b0a4197f0705b040e34ca4c5d80f314b0a0b
/Users/zacheryspector/studio-scratch/1370-c0-h-r4-preloader-proposal-r2/synthetic.cjs	docs/engineering/playability-launch-review/evidence/p14b4-20260919/1370-stage/forty-first-verification/1370-c0-h-r4-preloader-proposal-r2/synthetic.cjs	2224	0o644	e8b5b5363cfdaa524a7b3defe2ca91b1e343a75b74c650bd7fc09489274c6ec2	0f09336c442b517b5f6a3b482278e98d2bb5bb00
/Users/zacheryspector/studio-scratch/1370-c0-h-r4-preloader-proposal-r2/test_synthetic.py	docs/engineering/playability-launch-review/evidence/p14b4-20260919/1370-stage/forty-first-verification/1370-c0-h-r4-preloader-proposal-r2/test_synthetic.py	4492	0o644	e3e32c28eb3e75d3145229ab77154bce2c537be4ae17f3e8e5ed97f052f178a7	5436dc8377ac2b4f96a9fc07ffffc36ead07c1de
/Users/zacheryspector/studio-scratch/1370-c0-h-r4-sandbox-bootstrap-design-r1/EVIDENCE.json	docs/engineering/playability-launch-review/evidence/p14b4-20260919/1370-stage/forty-first-verification/1370-c0-h-r4-sandbox-bootstrap-design-r1/EVIDENCE.json	646	0o644	e211feb2b3d91a7b87447f71b861af01b4f2b81744296020ade77379b6fed1fd	a0fbcb37340843a3639289e0f4f61766a3f4bfd9
/Users/zacheryspector/studio-scratch/1370-c0-h-r4-sandbox-bootstrap-design-r1/PLAN.md	docs/engineering/playability-launch-review/evidence/p14b4-20260919/1370-stage/forty-first-verification/1370-c0-h-r4-sandbox-bootstrap-design-r1/PLAN.md	4904	0o644	beb84d8d4d4a4eb6a1cc85a2294b0daffab2cae7530b0e6cf9ab91c2ae790909	8a67f494390c5956f50799d4d107e0bfcbe3ba81
/Users/zacheryspector/studio-scratch/1370-c0-h-r4-sandbox-bootstrap-design-r1/bootstrap_move_fixture.py	docs/engineering/playability-launch-review/evidence/p14b4-20260919/1370-stage/forty-first-verification/1370-c0-h-r4-sandbox-bootstrap-design-r1/bootstrap_move_fixture.py	3103	0o644	67c24b3ac7436da5a36b2051b1a069d8158ea1a3ccbac582b2a43e0af8ee4a30	fb67de2b7f05905e2c26017e820b912b51cd7ce3
/Users/zacheryspector/studio-scratch/1370-c0-h-r4-sandbox-bootstrap-independent-design-review-r1/RECEIPT.json	docs/engineering/playability-launch-review/evidence/p14b4-20260919/1370-stage/forty-first-verification/1370-c0-h-r4-sandbox-bootstrap-independent-design-review-r1/RECEIPT.json	677	0o644	1b3057c3a7227c97d516e32b66daba4b692e8f1571a520d5628821ae1f581783	0006378c087431265e646c37fdf36b2bf68ad9c8
/Users/zacheryspector/studio-scratch/1370-c0-h-r4-sandbox-bootstrap-independent-design-review-r1/REVIEW.md	docs/engineering/playability-launch-review/evidence/p14b4-20260919/1370-stage/forty-first-verification/1370-c0-h-r4-sandbox-bootstrap-independent-design-review-r1/REVIEW.md	1291	0o644	b3773b3b6ed1c663b291d43b5311de0860227455a526c744328b74d083d76b90	8035a0dba10eac07e39eebcbf2ba545060e2b6d7
/Users/zacheryspector/studio-scratch/1370-c0-h-r4-sandbox-independent-static-review-r4/RECEIPT.json	docs/engineering/playability-launch-review/evidence/p14b4-20260919/1370-stage/forty-first-verification/1370-c0-h-r4-sandbox-independent-static-review-r4/RECEIPT.json	1875	0o644	7d4bdd49884653a22725da3e31b71292879529c34f21836f4e91607e38d0a535	38be138b1ce53a00223aed44ce7c311ebc91d79e
/Users/zacheryspector/studio-scratch/1370-c0-h-r4-sandbox-independent-static-review-r4/REVIEW.md	docs/engineering/playability-launch-review/evidence/p14b4-20260919/1370-stage/forty-first-verification/1370-c0-h-r4-sandbox-independent-static-review-r4/REVIEW.md	2155	0o644	ec5a3a2227aa7110bba3735af7b280ff774bbd0a5465304b9b3387ef277c9536	f7b182f6464740d7ec6ae260fd846a47d2ca8afb
/Users/zacheryspector/studio-scratch/1370-c0-h-r4-sandbox-proposal-r4/BINDING-UNFILLED.json	docs/engineering/playability-launch-review/evidence/p14b4-20260919/1370-stage/forty-first-verification/1370-c0-h-r4-sandbox-proposal-r4/BINDING-UNFILLED.json	2078	0o644	74e1caf755c70e994eb89a8ec9f74c5c8f8b51218e4fccb21cad2f70b03fddc6	8398670b13dd0c8bb7a26e1d354ef7e1cc08d96f
/Users/zacheryspector/studio-scratch/1370-c0-h-r4-sandbox-proposal-r4/PLAN.md	docs/engineering/playability-launch-review/evidence/p14b4-20260919/1370-stage/forty-first-verification/1370-c0-h-r4-sandbox-proposal-r4/PLAN.md	2600	0o644	806d57c90997206de422d8d6b7037d47ba868796e3774481f70f1d152ebc5621	b08aa738bc0cc6ec212a607530a9e584dba20654
/Users/zacheryspector/studio-scratch/1370-c0-h-r4-sandbox-proposal-r4/PROFILE-TEMPLATE.sb.in	docs/engineering/playability-launch-review/evidence/p14b4-20260919/1370-stage/forty-first-verification/1370-c0-h-r4-sandbox-proposal-r4/PROFILE-TEMPLATE.sb.in	745	0o644	9a2df2ea9bc59f5eba2b2a5e54e2c29374c3da4f3e68218c21ae3ea7ab18530d	ec6f7b6bc96ef6ca0d8f5a5feafe6d8b3710453d
/Users/zacheryspector/studio-scratch/1370-c0-h-r4-sandbox-proposal-r4/REPORT.md	docs/engineering/playability-launch-review/evidence/p14b4-20260919/1370-stage/forty-first-verification/1370-c0-h-r4-sandbox-proposal-r4/REPORT.md	2857	0o644	d89a1ee1ca3b4484c70fea251578f490f1414f44b5fa021d9afbb574bf65e5fe	ca1073ebc1b4a3c0df3e4039ec971da472269fb4
/Users/zacheryspector/studio-scratch/1370-c0-h-r4-sandbox-proposal-r4/bootstrap.py	docs/engineering/playability-launch-review/evidence/p14b4-20260919/1370-stage/forty-first-verification/1370-c0-h-r4-sandbox-proposal-r4/bootstrap.py	6720	0o644	34c1579d302eff7925a7e65ea7bed82c74f00a7162a60c3cc4d63e2628313cd8	073cd12b0627f23551d48166948cc3aa1a4e46e2
/Users/zacheryspector/studio-scratch/1370-c0-h-r4-sandbox-proposal-r4/bootstrap_selfcheck.py	docs/engineering/playability-launch-review/evidence/p14b4-20260919/1370-stage/forty-first-verification/1370-c0-h-r4-sandbox-proposal-r4/bootstrap_selfcheck.py	5138	0o644	79fa6691023b91da21374d4745d1cc183554e7657afc850068d04e090bd76fbe	d76c0ff6284eef4c842f9a8f4c151fdc5a25b88a
/Users/zacheryspector/studio-scratch/1370-c0-h-r4-sandbox-proposal-r4/canary.py	docs/engineering/playability-launch-review/evidence/p14b4-20260919/1370-stage/forty-first-verification/1370-c0-h-r4-sandbox-proposal-r4/canary.py	12654	0o644	759c8689b46ea983d0c39d9dce9bc63e7488afe7bd5e8c886b46a85c23f94727	9bfd2a7f2a66997fd04274d9b4a7a3b419753c1a
/Users/zacheryspector/studio-scratch/1370-c0-h-r4-sandbox-proposal-r4/generate_profile.py	docs/engineering/playability-launch-review/evidence/p14b4-20260919/1370-stage/forty-first-verification/1370-c0-h-r4-sandbox-proposal-r4/generate_profile.py	913	0o644	02bbadd5d7f4845a28ac54b2f9f06d6a9752e1191e9652b7357fd275b3255f88	68e2179eae0516d6578be11065396237fb0f1fe2
/Users/zacheryspector/studio-scratch/1370-c0-h-r4-sandbox-proposal-r4/noisy_red.py	docs/engineering/playability-launch-review/evidence/p14b4-20260919/1370-stage/forty-first-verification/1370-c0-h-r4-sandbox-proposal-r4/noisy_red.py	1833	0o644	afcfb46acdc9603166fe0df84f563ddc5a9249cc9b0df88e49ff9028c5b29874	da5141a574136c5220ac8c90c22a3a1bce8399b5
/Users/zacheryspector/studio-scratch/1370-c0-h-r4-sandbox-proposal-r4/profile.py	docs/engineering/playability-launch-review/evidence/p14b4-20260919/1370-stage/forty-first-verification/1370-c0-h-r4-sandbox-proposal-r4/profile.py	8361	0o644	fa2b3fb4808ccf5fedf028f1a545cd8c9dae3a3ad9b5c1921d221f8e185c2b3d	b6b38be973dc90d1a85948a99a7c20fc9d3c03ed
/Users/zacheryspector/studio-scratch/1370-c0-h-r4-sandbox-proposal-r4/protected_red.py	docs/engineering/playability-launch-review/evidence/p14b4-20260919/1370-stage/forty-first-verification/1370-c0-h-r4-sandbox-proposal-r4/protected_red.py	1583	0o644	a33e5135c5828e4d51c18981bf7f39e7538c8f5bfb65268a74d49bba6e6cb7ec	cbab3d76f33bc889a1ce9ac51c726863fe202a9b
/Users/zacheryspector/studio-scratch/1370-c0-h-r4-sandbox-proposal-r4/selfcheck.py	docs/engineering/playability-launch-review/evidence/p14b4-20260919/1370-stage/forty-first-verification/1370-c0-h-r4-sandbox-proposal-r4/selfcheck.py	3547	0o644	f68f7941e1817cb19688ba95bfb71a2852c9844491bcf3deb40fb27c3472a4cf	36fc3cda55534e0f4c228d112b3fab6bb94a3435
/Users/zacheryspector/studio-scratch/1370-c0-stage40-remote-audit-independent-observed-review-r2/RECEIPT.json	docs/engineering/playability-launch-review/evidence/p14b4-20260919/1370-stage/forty-first-verification/1370-c0-stage40-remote-audit-independent-observed-review-r2/RECEIPT.json	1132	0o644	b464dfce16ac7649d9a014fcf3dc491d56ddfca1e4069fa44ade75183fda14a7	341b5c1241da1374104f9ee6a49a47c54bc718e8
/Users/zacheryspector/studio-scratch/1370-c0-stage40-remote-audit-independent-observed-review-r2/REVIEW.md	docs/engineering/playability-launch-review/evidence/p14b4-20260919/1370-stage/forty-first-verification/1370-c0-stage40-remote-audit-independent-observed-review-r2/REVIEW.md	1327	0o644	5ae776ec4b6488f149e3dff8548d8c8562495947bff85e57c09d23f82164cf4b	e968d9fd3385b53d8acb82cd4f50338aa717e610
/Users/zacheryspector/studio-scratch/1370-c0-stage40-remote-audit-recorded-r2/RECEIPT.json	docs/engineering/playability-launch-review/evidence/p14b4-20260919/1370-stage/forty-first-verification/1370-c0-stage40-remote-audit-recorded-r2/RECEIPT.json	50655	0o600	1f715cb8ca5be8b2919b5503a8ee589d21c07b732260bd174a7e90848b518d6c	54e7971e9d773958503bc5236b8388a2ae24516a
