ms	body	budget	file	leaf
300268	sync	default	ui/src/test/contracts/m5-determinism.contract.test.ts	and the batch verb never mints a wrap there either
27714	async	MOUNTED_ARM_TIMEOUT_MS * 2	ui/src/lot/livingTurn.parity.test.tsx	exports FOUR byte-identical saves from four different ways of spending time
24865	async	30_000	ui/src/lot/WorldFirstLotNativeNextEventApp.test.tsx	orients a cash stop to Administration and focuses the supporting Finances section
19295	sync	default	ui/src/screens/d12-beta-closure.test.tsx	P4 (adversarial): a VAGUE-promise film never leaks raw factor detail or contradicts the brief
19242	sync	default	ui/src/screens/StudioCalendar.career.test.tsx	U1 renders genuine change/finality names and dates, retains age12, and removes age13 news
17070	async	30_000	ui/src/lot/WorldFirstWorldInspectorDefault.test.tsx	never lets any place print its blocks out of the canonical order
16703	sync	default	ui/src/determinism.test.tsx	greenlight + advance N weeks yields the same dashboard snapshot on two runs
16195	async	15_000	ui/src/lot/livingTurn.scheduler.test.tsx	runs 12 consecutive weeks with ZERO input and lands byte-identically
15888	async	MOUNTED_ARM_TIMEOUT_MS	ui/src/lot/livingTurn.parity.test.tsx	(b) by the living loop at 1× — one press of Roll, then nothing at all
14028	async	MOUNTED_ARM_TIMEOUT_MS	ui/src/lot/livingTurn.parity.test.tsx	(c) paused and resumed arbitrarily, including mid-week
13419	sync	default	ui/src/simulation.test.tsx	driving the whole loop through the UI produces no broadcast/headline/feed elements
11887	async	MOUNTED_ARM_TIMEOUT_MS	ui/src/lot/livingTurn.parity.test.tsx	(b′) by the living loop at 4× — the same weeks, a quarter of the wall time
11118	async	MOUNTED_ARM_TIMEOUT_MS	ui/src/lot/livingTurn.parity.test.tsx	(a) by hand at the seam — the manual verb, pressed twelve times
10918	async	30_000	ui/src/lot/WorldFirstLotNativeNextEventApp.test.tsx	clears every next-event transient across an accepted same-seed same-week whole-studio replacement
10166	async	30_000	ui/src/lot/WorldFirstLotNativeCastingReviewAppAuthority.test.tsx	never lets stale Casting review closures demote or mutate a newer exact event
9764	sync	default	ui/src/App.test.tsx	assembles, greenlights, advances to release, and opens the autopsy
9268	async	30_000	ui/src/lot/WorldFirstLotNativeCastingReviewApp.test.tsx	greenlights the canonical Package into exact formation without replacing the Lot, canvas, or renderer
9019	sync	default	ui/src/determinism.test.tsx	two fresh games with the same seed show identical week/cash/standing
8709	async	default	ui/src/lot/WorldFirstSceneryLoadIn.test.tsx	re-announces identical stale-clear rejections with fresh DOM identity while retaining truth
8383	sync	default	ui/src/simulation.test.tsx	the dashboard Advance button moves the shown week by exactly 1 per click
8327	async	default	ui/src/lot/WorldFirstLotNativeCastingReviewApp.test.tsx	rebuilds an imported pending review only after Casting is selected in the replacement Lot
8302	async	default	ui/src/lot/WorldFirstSceneryLoadIn.test.tsx	produces one byte-identical successor from service yard, Stage 7, Production Board, and direct adapter
7806	async	default	ui/src/lot/WorldFirstLotNativeNextEventApp.test.tsx	keeps a generic contract stop spatially neutral, claims no person, and focuses the Roster heading
7760	sync	default	ui/src/lot/snapshot/nextEvent.test.ts	accepts exact run, cash, renewal, and expiry outcomes without inventing identity
7152	async	default	ui/src/lot/WorldFirstLotNativeNextEventApp.test.tsx	preserves the exact live-world reaction after a rejected import or declined restart
7035	async	default	ui/src/lot/WorldFirstLotNativeCastingReviewApp.test.tsx	reviews all six event-owned observations in the Lot, keeps deep detail optional, then hands the clear successor to Package
6736	async	default	ui/src/lot/WorldFirstLotNativeCastingReviewApp.test.tsx	dispatches the first same-title session from the Lot and returns neutral instead of substituting the later review
6599	async	default	ui/src/lot/WorldFirstLotNativeCastingReviewApp.test.tsx	keeps a blocked acknowledgement and every current remedy on the same mounted fallback Lot
6586	sync	default	ui/src/determinism.test.tsx	different seeds generally produce a different initial world
6498	sync	default	ui/src/lot/world-first-operational-annex-work-presence-fixtures.test.ts	replays all three pinned SaveFileV13 files byte-identically and projects exact Annex truth
6406	async	default	ui/src/lot/WorldFirstSceneryLoadIn.test.tsx	re-announces identical schedule rejections with fresh DOM identity and no false Stage 7 selection
6195	async	30_000	ui/src/lot/livingTurn.scheduler.test.tsx	auto-pauses on the FIRST PAUSE-class stop, at exactly the hand-advanced week
5950	async	default	ui/src/lot/WorldFirstLotNativeScriptReviewAppAuthority.test.tsx	never lets stale review detail/action closures demote a newer exact event
5887	async	30_000	ui/src/lot/WorldFirstWorldInspectorDefault.test.tsx	reaches the canonical deep screen ONLY through the explicit details action
5813	sync	default	ui/src/screens/a3-queue-admission-ui.test.tsx	submits one contended greenlight, emits no fake formation receipt, and closes the exact package on fresh reopen
5727	async	default	ui/src/lot/livingTurn.scheduler.test.tsx	speed changes the PACE and nothing else — 4x is four weeks in one week s time
5617	async	default	ui/src/lot/WorldFirstLotNativeNextEventApp.test.tsx	keeps an exact non-release stop on one mounted world, contains a stale repeat, and returns from the exact deep owner
5541	?	?	ui/src/lot/WorldFirstStudioHome.test.tsx	preserves topbar focus through a supporting-Dashboard Sim result
5507	sync	default	ui/src/App.test.tsx	starts a game and shows the dashboard
5450	async	default	ui/src/lot/WorldFirstWorldInspectorDefault.test.tsx	never navigates from any of the nine places, and always lands an in-world context
5401	async	default	ui/src/lot/WorldFirstAnnexConstruction.test.tsx	demotes annex-work when Writers Room opens a different screenplay child
5334	async	default	ui/src/lot/WorldFirstLotNativeCastingReviewApp.test.tsx	keeps the complete blocked world action available in the Classic physical fallback
5324	async	default	ui/src/lot/WorldFirstAnnexConstruction.test.tsx	does not let a pointer activation begun for one occupant open its replacement
5311	sync	default	ui/src/screens/d17a-release-truth.test.tsx	the autopsy narrative never says "profit" or "break-even" without naming the basis
5247	async	default	ui/src/lot/WorldFirstAnnexConstruction.test.tsx	retains annex-work return only through the exact screenplay child route
5216	async	default	ui/src/lot/WorldFirstAnnexConstruction.test.tsx	returns to fresh replacement truth instead of the prior Annex occupant
5052	sync	default	ui/src/screens/d12-sim-event-stop.test.tsx	(9) the first negative-cash crossing still stops after a full tick
5039	async	default	ui/src/lot/WorldFirstSceneryLoadIn.test.tsx	does not let one held Enter gesture dispatch the successor after blocked → ready repaint
5035	async	default	ui/src/lot/WorldFirstSceneryLoadIn.test.tsx	continues blocked → ready → scheduled in one live context with direct SaveFile/RNG parity
5024	async	default	ui/src/shell/dialog-replacement.test.tsx	site 4/9 — an adapter that throws refuses WITHOUT dispatching, and frees the lot
5011	sync	default	ui/src/lot/tycoon/expandedPropertyWorld.test.ts	reports the bounds the snapshot describes, at two different property sizes
