line	ord	function	method	current_k	nodes_A_precedent	nodes_B_scalar	proposed_k_A	proposed_k_B	delta_A	delta_B	nested_calc_results	non_calc_calls_in_tree	structurally_zero_subtree	site_text
337	1	Work.copyCost	add	8	5	4	16	8	-8	0	0			this.calc(8).add(cost, 3 + key.length)
352	1	Work.token	add	16	10	10	32	32	-16	-16	1			this.calc(16).add(cost, typeof part === 'string' ? 2 + this.calc(8).times(7, part.length) : 25)
352	2	Work.token	times	8	3	2	8	8	0	0	0			this.calc(8).times(7, part.length)
376	1	sortBill	add	16	9	8	32	16	-16	0	0	call:Math.ceil		work.calc(16).add(runs, Math.ceil(n / (2 * width)))
379	1	sortBill	times	8	2	2	8	8	0	0	0			work.calc(8).times(n, levels)
380	1	sortBill	add	8	2	2	8	8	0	0	0			work.calc(8).add(13, comparator)
382	1	sortBill	plus	64	5	5	16	16	48	48	4			work.calc(64).plus(10, work.calc(8).times(3, n), work.calc(8).times(8, levels), work.calc(8).times(19, runs), work.calc(32).times(coefficient, merges))
382	2	sortBill	times	8	2	2	8	8	0	0	0			work.calc(8).times(3, n)
382	3	sortBill	times	8	2	2	8	8	0	0	0			work.calc(8).times(8, levels)
382	4	sortBill	times	8	2	2	8	8	0	0	0			work.calc(8).times(19, runs)
383	1	sortBill	times	32	2	2	8	8	24	24	0			work.calc(32).times(coefficient, merges)
432	1	sortedOutput	add	16	2	2	8	8	8	8	1			work.calc(16).add(10, work.calc(8).times(2, count))
432	2	sortedOutput	times	8	2	2	8	8	0	0	0			work.calc(8).times(2, count)
513	1	company	add	8	3	2	8	8	0	0	0			work.calc(8).add(chars, id.length)
514	1	company	add	8	3	2	8	8	0	0	0			work.calc(8).add(chars, id.length)
516	1	company	plus	64	5	5	16	16	48	48	3			work.calc(64).plus(5, work.calc(8).times(6, productions.length), work.calc(8).times(4, count), chars, work.calc(32).times(count, count + work.calc(8).times(2, chars)))
516	2	company	times	8	3	2	8	8	0	0	0			work.calc(8).times(6, productions.length)
516	3	company	times	8	2	2	8	8	0	0	0			work.calc(8).times(4, count)
517	1	company	times	32	4	4	8	8	24	24	1			work.calc(32).times(count, count + work.calc(8).times(2, chars))
517	2	company	times	8	2	2	8	8	0	0	0			work.calc(8).times(2, chars)
526	1	writers	add	8	3	2	8	8	0	0	0			work.calc(8).add(chars, id.length)
527	1	writers	plus	64	6	4	16	8	48	56	1			work.calc(64).plus(10, project.writerIds.length, work.calc(32).times(project.writerIds.length, 2 + project.writerId.length), chars)
527	2	writers	times	32	8	4	16	8	16	24	0			work.calc(32).times(project.writerIds.length, 2 + project.writerId.length)
783	1	prepare	times	32	5	2	16	8	16	24	0			work.calc(32).times(picture.workflow.reservations.length, 42)
901	1	dimensionRecordFacts	add	8	5	4	16	8	-8	0	0			work.calc(8).add(copy!, 3 + key.length)
958	1	staticDimensionFacts	add	8	3	2	8	8	0	0	0			work.calc(8).add(capacity, row.capacity)
967	1	staticDimensionFacts	add	8	4	2	8	8	0	0	0			work.calc(8).add(provides, row.providesFacilityIds.length)
973	1	staticDimensionFacts	add	8	4	2	8	8	0	0	0			work.calc(8).add(cells, row.cells.length)
1107	1	workflowUpdate	plus	64	7	5	16	16	48	48	1			work.calc(64).plus(d.operationsCopy, 11, 2, d.n, work.calc(32).times(d.n, 2 + work.calc(8).equality(d.dp)))
1107	2	workflowUpdate	times	32	5	4	16	8	16	24	1			work.calc(32).times(d.n, 2 + work.calc(8).equality(d.dp))
1107	3	workflowUpdate	equality	8	2	1	8	8	0	0	0			work.calc(8).equality(d.dp)
1113	1	geometryBill	plus	64	9	7	32	16	32	48	4			work.calc(64).plus(50, work.calc(8).times(d.structures, 8), work.calc(32).times(d.provides, 2 + work.calc(8).equality(d.d)), work.calc(32).times(d.placements, 3 + work.calc(8).equality(d.d)), work.calc(8).times(d.cells, 10), d.structures, d.placements)
1113	2	geometryBill	times	8	3	2	8	8	0	0	0			work.calc(8).times(d.structures, 8)
1113	3	geometryBill	times	32	5	4	16	8	16	24	1			work.calc(32).times(d.provides, 2 + work.calc(8).equality(d.d))
1113	4	geometryBill	equality	8	2	1	8	8	0	0	0			work.calc(8).equality(d.d)
1114	1	geometryBill	times	32	5	4	16	8	16	24	1			work.calc(32).times(d.placements, 3 + work.calc(8).equality(d.d))
1114	2	geometryBill	equality	8	2	1	8	8	0	0	0			work.calc(8).equality(d.d)
1114	3	geometryBill	times	8	3	2	8	8	0	0	0			work.calc(8).times(d.cells, 10)
1115	1	geometryBill	plus	64	3	3	8	8	56	56	2			work.calc(64).plus(130, work.calc(32).times(2, work.calc(8).equality(d.d)), work.calc(8).times(2, body))
1115	2	geometryBill	times	32	2	2	8	8	24	24	1			work.calc(32).times(2, work.calc(8).equality(d.d))
1115	3	geometryBill	equality	8	2	1	8	8	0	0	0			work.calc(8).equality(d.d)
1115	4	geometryBill	times	8	2	2	8	8	0	0	0			work.calc(8).times(2, body)
1133	1	arrivalBill	add	32	2	2	8	8	24	24	1			work.calc(32).add(18, work.calc(32).times(d.n, 14 + work.calc(32).times(4, work.calc(8).equality(d.d))))
1133	2	arrivalBill	times	32	5	4	16	8	16	24	1			work.calc(32).times(d.n, 14 + work.calc(32).times(4, work.calc(8).equality(d.d)))
1133	3	arrivalBill	times	32	2	2	8	8	24	24	1			work.calc(32).times(4, work.calc(8).equality(d.d))
1133	4	arrivalBill	equality	8	2	1	8	8	0	0	0			work.calc(8).equality(d.d)
1138	1	arrivalBill	add	32	2	2	8	8	24	24	1			work.calc(32).add(common, work.calc(32).times(possible, work.calc(64).plus(geometryBill(d, work), 70, d.workflowCopy, d.taskCopy, workflowUpdate(d, work))))
1139	1	arrivalBill	times	32	2	2	8	8	24	24	1			work.calc(32).times(possible, work.calc(64).plus(geometryBill(d, work), 70, d.workflowCopy, d.taskCopy, workflowUpdate(d, work)))
1139	2	arrivalBill	plus	64	13	11	32	32	32	32	0	helper:geometryBill;helper:workflowUpdate		work.calc(64).plus(geometryBill(d, work), 70, d.workflowCopy, d.taskCopy, workflowUpdate(d, work))
1143	1	orderBill	plus	64	13	12	32	32	32	32	3	helper:sortBill		work.calc(64).plus(4, work.calc(8).times(2, d.n), work.calc(32).times(d.n, 67 + 2 * d.dp), sortBill(d.n, 28 + 2 * work.calc(8).equality(d.dp), work))
1143	2	orderBill	times	8	3	2	8	8	0	0	0			work.calc(8).times(2, d.n)
1143	3	orderBill	times	32	8	6	16	16	16	16	0			work.calc(32).times(d.n, 67 + 2 * d.dp)
1144	1	orderBill	equality	8	2	1	8	8	0	0	0			work.calc(8).equality(d.dp)
1159	1	restrictedSweepBill	add	16	9	6	32	16	-16	0	0			work.calc(16).add(taskText, 1 + workflow.shootingTask.status.length + 9)
1161	1	restrictedSweepBill	plus	64	4	3	8	8	56	56	0			work.calc(64).plus(copies, d.pCopy, 15)
1162	1	restrictedSweepBill	plus	64	7	5	16	16	48	48	0			work.calc(64).plus(takeCopies, d.workflowCopy, 13, d.taskCopy, 7)
1165	1	restrictedSweepBill	plus	64	4	3	8	8	56	56	0			work.calc(64).plus(copies, d.pCopy, 15)
1167	1	restrictedSweepBill	keyBill	8	4	2	8	8	0	0	0			work.calc(8).keyBill(commitments.size, d.dp)
1168	1	restrictedSweepBill	plus	64	4	3	8	8	56	56	0			work.calc(64).plus(copies, d.pCopy, 15)
1172	1	restrictedSweepBill	times	32	5	4	16	8	16	24	0			work.calc(32).times(d.n, 1 + delta)
1173	1	restrictedSweepBill	add	8	2	2	8	8	0	0	2			work.calc(8).add(work.calc(32).times((4 + delta) * d.n + active + t + c + r + t, work.calc(8).keyBill(d.n, d.dp)), work.calc(32).times(o, work.calc(8).keyBill(commitments.size, d.dp)))
1173	2	restrictedSweepBill	times	32	17	16	64	32	-32	0	1			work.calc(32).times((4 + delta) * d.n + active + t + c + r + t, work.calc(8).keyBill(d.n, d.dp))
1173	3	restrictedSweepBill	keyBill	8	4	2	8	8	0	0	0			work.calc(8).keyBill(d.n, d.dp)
1174	1	restrictedSweepBill	times	32	2	2	8	8	24	24	1			work.calc(32).times(o, work.calc(8).keyBill(commitments.size, d.dp))
1174	2	restrictedSweepBill	keyBill	8	4	2	8	8	0	0	0			work.calc(8).keyBill(commitments.size, d.dp)
1175	1	restrictedSweepBill	plus	64	39	36	>64	>64	None	None	0			work.calc(64).plus(5, d.n, 3 * (1 + delta) + 1, visits, d.n, 4 * active, d.n - active, 3 * q, t, 3 * (c + o), 2 * c, 2 * o, 3 * r, 1)
1177	1	restrictedSweepBill	plus	64	18	18	64	64	0	0	8	helper:orderBill		work.calc(64).plus(orderBill(d, work), assoc, work.calc(32).times(active, 1 + work.calc(32).times(d.n, 1 + work.calc(8).equality(d.dp))), work.calc(32).times(t + r, workflowUpdate(d, work)), copies, takeCopies, work.calc(32).times(active + c, work.calc(8).equality(14)), taskText, work.calc(32).times(1 + r, 15), 65, work.calc(8).times(6, d.n), work.calc(8).times(4, t), work.calc(8).times(2, r), control, work.calc(8).times(11, r))
1177	2	restrictedSweepBill	times	32	4	4	8	8	24	24	1			work.calc(32).times(active, 1 + work.calc(32).times(d.n, 1 + work.calc(8).equality(d.dp)))
1177	3	restrictedSweepBill	times	32	5	4	16	8	16	24	1			work.calc(32).times(d.n, 1 + work.calc(8).equality(d.dp))
1177	4	restrictedSweepBill	equality	8	2	1	8	8	0	0	0			work.calc(8).equality(d.dp)
1178	1	restrictedSweepBill	times	32	7	7	16	16	16	16	0	helper:workflowUpdate		work.calc(32).times(t + r, workflowUpdate(d, work))
1179	1	restrictedSweepBill	times	32	4	4	8	8	24	24	1			work.calc(32).times(active + c, work.calc(8).equality(14))
1179	2	restrictedSweepBill	equality	8	1	1	8	8	0	0	0			work.calc(8).equality(14)
1179	3	restrictedSweepBill	times	32	4	4	8	8	24	24	0			work.calc(32).times(1 + r, 15)
1180	1	restrictedSweepBill	times	8	3	2	8	8	0	0	0			work.calc(8).times(6, d.n)
1180	2	restrictedSweepBill	times	8	2	2	8	8	0	0	0			work.calc(8).times(4, t)
1180	3	restrictedSweepBill	times	8	2	2	8	8	0	0	0			work.calc(8).times(2, r)
1180	4	restrictedSweepBill	times	8	2	2	8	8	0	0	0			work.calc(8).times(11, r)
1196	1	allocationBill	times	8	2	2	8	8	0	0	0			work.calc(8).times(4, rawOwners)
1197	1	allocationBill	add	8	3	2	8	8	0	0	1			work.calc(8).add(d.external, work.calc(8).times(3, other))
1197	2	allocationBill	times	8	2	2	8	8	0	0	0			work.calc(8).times(3, other)
1198	1	allocationBill	equality	8	2	1	8	8	0	0	0			work.calc(8).equality(d.d)
1198	2	allocationBill	add	8	3	2	8	8	0	0	0			work.calc(8).add(d.d, 26)
1198	3	allocationBill	add	8	2	2	8	8	0	0	1			work.calc(8).add(50, work.calc(8).times(2, d.d))
1198	4	allocationBill	times	8	3	2	8	8	0	0	0			work.calc(8).times(2, d.d)
1201	1	allocationBill	plus	64	10	9	32	32	32	32	2			work.calc(64).plus(40, 1 + claims, 2 * d.n, work.calc(32).times(2 * rawOwners, text), work.calc(32).times(claims, work.calc(8).add(89, work.calc(8).times(2, keyConstruction))))
1201	2	allocationBill	times	32	4	4	8	8	24	24	0			work.calc(32).times(2 * rawOwners, text)
1202	1	allocationBill	times	32	2	2	8	8	24	24	1			work.calc(32).times(claims, work.calc(8).add(89, work.calc(8).times(2, keyConstruction)))
1202	2	allocationBill	add	8	2	2	8	8	0	0	1			work.calc(8).add(89, work.calc(8).times(2, keyConstruction))
1202	3	allocationBill	times	8	2	2	8	8	0	0	0			work.calc(8).times(2, keyConstruction)
1203	1	allocationBill	plus	64	6	5	16	16	48	48	2			work.calc(64).plus(raw, 4, d.external, work.calc(32).times(claims, 6 + 3 * text), work.calc(32).times(occupied, work.calc(8).add(5, work.calc(32).times(3, work.calc(8).keyBill(occupied, keyLength)))))
1203	2	allocationBill	times	32	6	6	16	16	16	16	0			work.calc(32).times(claims, 6 + 3 * text)
1204	1	allocationBill	times	32	2	2	8	8	24	24	1			work.calc(32).times(occupied, work.calc(8).add(5, work.calc(32).times(3, work.calc(8).keyBill(occupied, keyLength))))
1204	2	allocationBill	add	8	2	2	8	8	0	0	1			work.calc(8).add(5, work.calc(32).times(3, work.calc(8).keyBill(occupied, keyLength)))
1204	3	allocationBill	times	32	2	2	8	8	24	24	1			work.calc(32).times(3, work.calc(8).keyBill(occupied, keyLength))
1204	4	allocationBill	keyBill	8	2	2	8	8	0	0	0			work.calc(8).keyBill(occupied, keyLength)
1208	1	allocationBill	add	8	2	2	8	8	0	0	1			work.calc(8).add(17, work.calc(32).times(d.t + (wrapOnly || retainedDevelopment || singlePostExit ? 0 : d.n), 1 + 2 * text))
1208	2	allocationBill	times	32	17	15	64	32	-32	0	0			work.calc(32).times(d.t + (wrapOnly || retainedDevelopment || singlePostExit ? 0 : d.n), 1 + 2 * text)
1209	1	allocationBill	plus	64	3	3	8	8	56	56	2			work.calc(64).plus(30, work.calc(32).times(d.adoptions, 8 + 3 * text), work.calc(32).times(2 * d.placements, 8 + 4 * text))
1209	2	allocationBill	times	32	7	6	16	16	16	16	0			work.calc(32).times(d.adoptions, 8 + 3 * text)
1209	3	allocationBill	times	32	9	8	32	16	0	16	0			work.calc(32).times(2 * d.placements, 8 + 4 * text)
1210	1	allocationBill	add	8	2	2	8	8	0	0	0			work.calc(8).add(selection, adoption)
1218	1	allocationBill	times	32	12	10	32	32	0	0	1			work.calc(32).times(wrapOnly ? (singleWrapSlot ? 1 : d.capacity) : 3 * d.capacity, work.calc(64).plus(5, keyConstruction, work.calc(32).times(2, work.calc(8).keyBill(occupied + 2, keyLength))))
1219	1	allocationBill	plus	64	3	3	8	8	56	56	1			work.calc(64).plus(5, keyConstruction, work.calc(32).times(2, work.calc(8).keyBill(occupied + 2, keyLength)))
1219	2	allocationBill	times	32	2	2	8	8	24	24	1			work.calc(32).times(2, work.calc(8).keyBill(occupied + 2, keyLength))
1219	3	allocationBill	keyBill	8	4	4	8	8	0	0	0			work.calc(8).keyBill(occupied + 2, keyLength)
1225	1	allocationBill	plus	16	3	3	8	8	8	8	1			work.calc(16).plus(20, 20, work.calc(8).keyBill(2, 19))
1225	2	allocationBill	keyBill	8	2	2	8	8	0	0	0			work.calc(8).keyBill(2, 19)
1227	1	allocationBill	add	8	2	2	8	8	0	0	1			work.calc(8).add(20, work.calc(64).plus(20, work.calc(8).times(2, text), work.calc(32).times(d.f, 2 + text), work.calc(8).keyBill(2, 19), keyConstruction, work.calc(8).keyBill(occupied, keyLength)))
1227	2	allocationBill	plus	64	6	6	16	16	48	48	4			work.calc(64).plus(20, work.calc(8).times(2, text), work.calc(32).times(d.f, 2 + text), work.calc(8).keyBill(2, 19), keyConstruction, work.calc(8).keyBill(occupied, keyLength))
1227	3	allocationBill	times	8	2	2	8	8	0	0	0			work.calc(8).times(2, text)
1227	4	allocationBill	times	32	5	4	16	8	16	24	0			work.calc(32).times(d.f, 2 + text)
1228	1	allocationBill	keyBill	8	2	2	8	8	0	0	0			work.calc(8).keyBill(2, 19)
1228	2	allocationBill	keyBill	8	2	2	8	8	0	0	0			work.calc(8).keyBill(occupied, keyLength)
1229	1	allocationBill	add	8	2	2	8	8	0	0	1			work.calc(8).add(20, work.calc(32).times(2, work.calc(64).plus(20, work.calc(8).times(2, text), work.calc(32).times(d.f, 2 + text), work.calc(8).keyBill(2, 19), keyConstruction, work.calc(8).keyBill(occupied + 2, keyLength))))
1229	2	allocationBill	times	32	2	2	8	8	24	24	1			work.calc(32).times(2, work.calc(64).plus(20, work.calc(8).times(2, text), work.calc(32).times(d.f, 2 + text), work.calc(8).keyBill(2, 19), keyConstruction, work.calc(8).keyBill(occupied + 2, keyLength)))
1229	3	allocationBill	plus	64	6	6	16	16	48	48	4			work.calc(64).plus(20, work.calc(8).times(2, text), work.calc(32).times(d.f, 2 + text), work.calc(8).keyBill(2, 19), keyConstruction, work.calc(8).keyBill(occupied + 2, keyLength))
1229	4	allocationBill	times	8	2	2	8	8	0	0	0			work.calc(8).times(2, text)
1229	5	allocationBill	times	32	5	4	16	8	16	24	0			work.calc(32).times(d.f, 2 + text)
1230	1	allocationBill	keyBill	8	2	2	8	8	0	0	0			work.calc(8).keyBill(2, 19)
1230	2	allocationBill	keyBill	8	4	4	8	8	0	0	0			work.calc(8).keyBill(occupied + 2, keyLength)
1231	1	allocationBill	plus	64	3	3	8	8	56	56	2			work.calc(64).plus(20, work.calc(32).times(d.n, work.calc(64).plus(9, text, work.calc(8).times(2, text), work.calc(8).keyBill(d.n, d.d))), work.calc(32).times(d.f, work.calc(64).plus(5, text, work.calc(32).times(d.sets, work.calc(64).plus(14, work.calc(8).times(3, text), work.calc(8).keyBill(d.n, d.d))))))
1231	2	allocationBill	times	32	3	2	8	8	24	24	1			work.calc(32).times(d.n, work.calc(64).plus(9, text, work.calc(8).times(2, text), work.calc(8).keyBill(d.n, d.d)))
1231	3	allocationBill	plus	64	4	4	8	8	56	56	2			work.calc(64).plus(9, text, work.calc(8).times(2, text), work.calc(8).keyBill(d.n, d.d))
1231	4	allocationBill	times	8	2	2	8	8	0	0	0			work.calc(8).times(2, text)
1231	5	allocationBill	keyBill	8	4	2	8	8	0	0	0			work.calc(8).keyBill(d.n, d.d)
1232	1	allocationBill	times	32	3	2	8	8	24	24	1			work.calc(32).times(d.f, work.calc(64).plus(5, text, work.calc(32).times(d.sets, work.calc(64).plus(14, work.calc(8).times(3, text), work.calc(8).keyBill(d.n, d.d)))))
1232	2	allocationBill	plus	64	3	3	8	8	56	56	1			work.calc(64).plus(5, text, work.calc(32).times(d.sets, work.calc(64).plus(14, work.calc(8).times(3, text), work.calc(8).keyBill(d.n, d.d))))
1232	3	allocationBill	times	32	3	2	8	8	24	24	1			work.calc(32).times(d.sets, work.calc(64).plus(14, work.calc(8).times(3, text), work.calc(8).keyBill(d.n, d.d)))
1232	4	allocationBill	plus	64	3	3	8	8	56	56	2			work.calc(64).plus(14, work.calc(8).times(3, text), work.calc(8).keyBill(d.n, d.d))
1232	5	allocationBill	times	8	2	2	8	8	0	0	0			work.calc(8).times(3, text)
1232	6	allocationBill	keyBill	8	4	2	8	8	0	0	0			work.calc(8).keyBill(d.n, d.d)
1235	1	allocationBill	plus	64	17	16	64	32	0	32	2			work.calc(64).plus(occupancy, 3 + 3 * d.f, work.calc(8).times(d.f, callback), facilitySort, retention, singlePostExit ? 0 : work.calc(32).times(wrapOnly || retainedDevelopment ? 1 : 2, work.calc(32).times(d.f, 2 + text)), slots, composite, 140)
1235	2	allocationBill	times	8	3	2	8	8	0	0	0			work.calc(8).times(d.f, callback)
1236	1	allocationBill	times	32	7	7	16	16	16	16	1			work.calc(32).times(wrapOnly || retainedDevelopment ? 1 : 2, work.calc(32).times(d.f, 2 + text))
1236	2	allocationBill	times	32	5	4	16	8	16	24	0			work.calc(32).times(d.f, 2 + text)
1242	1	smallTransitionBill	add	8	2	2	8	8	0	0	0			work.calc(8).add(before, after)
1243	1	smallTransitionBill	add	8	3	2	8	8	0	0	0			work.calc(8).add(d.d, 26)
1244	1	smallTransitionBill	add	16	2	2	8	8	8	8	1			work.calc(16).add(50, work.calc(8).times(2, d.d))
1244	2	smallTransitionBill	times	8	3	2	8	8	0	0	0			work.calc(8).times(2, d.d)
1247	1	smallTransitionBill	plus	64	4	4	8	8	56	56	3			work.calc(64).plus(20, work.calc(16).times(keys, 8 + construction), work.calc(16).times(work.calc(8).times(2, work.calc(8).times(before, after)), work.calc(8).add(2, work.calc(8).equality(keyLength))), work.calc(16).times(emitted, LITERAL.reservationEvent + LITERAL.stampedEvent + APPEND + 5))
1247	2	smallTransitionBill	times	16	4	4	8	8	8	8	0			work.calc(16).times(keys, 8 + construction)
1248	1	smallTransitionBill	times	16	2	2	8	8	8	8	2			work.calc(16).times(work.calc(8).times(2, work.calc(8).times(before, after)), work.calc(8).add(2, work.calc(8).equality(keyLength)))
1248	2	smallTransitionBill	times	8	2	2	8	8	0	0	1			work.calc(8).times(2, work.calc(8).times(before, after))
1248	3	smallTransitionBill	times	8	2	2	8	8	0	0	0			work.calc(8).times(before, after)
1249	1	smallTransitionBill	add	8	2	2	8	8	0	0	1			work.calc(8).add(2, work.calc(8).equality(keyLength))
1249	2	smallTransitionBill	equality	8	1	1	8	8	0	0	0			work.calc(8).equality(keyLength)
1250	1	smallTransitionBill	times	16	10	8	32	16	-16	0	0			work.calc(16).times(emitted, LITERAL.reservationEvent + LITERAL.stampedEvent + APPEND + 5)
1265	1	hasUsableRehearsalSet	add	16	2	2	8	8	8	8	1			work.calc(16).add(20, work.calc(8).add(9, set.status.length))
1265	2	hasUsableRehearsalSet	add	8	4	2	8	8	0	0	0			work.calc(8).add(9, set.status.length)
1308	1	singleEarlySweepBill	add	8	3	2	8	8	0	0	0			work.calc(8).add(stageCapacity, facility.capacity)
1310	1	singleEarlySweepBill	add	8	3	2	8	8	0	0	0			work.calc(8).add(sceneryCapacity, facility.capacity)
1320	1	singleEarlySweepBill	equality	8	2	1	8	8	0	0	0			work.calc(8).equality(d.d)
1320	2	singleEarlySweepBill	equality	8	2	1	8	8	0	0	0			work.calc(8).equality(d.dp)
1321	1	singleEarlySweepBill	equality	8	1	1	8	8	0	0	0			work.calc(8).equality(19)
1321	2	singleEarlySweepBill	equality	8	1	1	8	8	0	0	0			work.calc(8).equality(14)
1322	1	singleEarlySweepBill	keyBill	8	2	2	8	8	0	0	0			work.calc(8).keyBill(1, 19)
1323	1	singleEarlySweepBill	add	8	3	2	8	8	0	0	0			work.calc(8).add(d.d, 26)
1324	1	singleEarlySweepBill	add	16	2	2	8	8	8	8	1			work.calc(16).add(50, work.calc(8).times(2, d.d))
1324	2	singleEarlySweepBill	times	8	3	2	8	8	0	0	0			work.calc(8).times(2, d.d)
1328	1	singleEarlySweepBill	keyBill	16	8	7	16	16	0	0	0			work.calc(16).keyBill(d.external + (shooting ? 1 : 0), keyLength)
1331	1	singleEarlySweepBill	keyBill	8	3	2	8	8	0	0	0			work.calc(8).keyBill(1, d.dp)
1341	1	singleEarlySweepBill	plus	64	7	7	16	16	48	48	2			work.calc(64).plus(60, 2 * text, capabilityText, work.calc(32).times(rawClaims, work.calc(64).plus(LITERAL.claim, APPEND, 36, 2 * keyConstruction, 2 * text)), work.calc(16).times(d.external, work.calc(8).add(4, work.calc(8).keyBill(d.external, keyLength))))
1342	1	singleEarlySweepBill	times	32	2	2	8	8	24	24	1			work.calc(32).times(rawClaims, work.calc(64).plus(LITERAL.claim, APPEND, 36, 2 * keyConstruction, 2 * text))
1342	2	singleEarlySweepBill	plus	64	10	9	32	32	32	32	0			work.calc(64).plus(LITERAL.claim, APPEND, 36, 2 * keyConstruction, 2 * text)
1343	1	singleEarlySweepBill	times	16	3	2	8	8	8	8	1			work.calc(16).times(d.external, work.calc(8).add(4, work.calc(8).keyBill(d.external, keyLength)))
1343	2	singleEarlySweepBill	add	8	2	2	8	8	0	0	1			work.calc(8).add(4, work.calc(8).keyBill(d.external, keyLength))
1343	3	singleEarlySweepBill	keyBill	8	3	2	8	8	0	0	0			work.calc(8).keyBill(d.external, keyLength)
1346	1	singleEarlySweepBill	plus	32	3	3	8	8	24	24	1			work.calc(32).plus(12, phaseText, work.calc(16).times(d.t, 8 + 2 * text))
1346	2	singleEarlySweepBill	times	16	7	6	16	16	0	0	0			work.calc(16).times(d.t, 8 + 2 * text)
1347	1	singleEarlySweepBill	plus	64	12	11	32	32	32	32	1	helper:sortBill		work.calc(64).plus(3, work.calc(16).times(d.f, 3 + callback), sortBill(d.f, 6 + 2 * text, work))
1347	2	singleEarlySweepBill	times	16	5	4	16	8	0	8	0			work.calc(16).times(d.f, 3 + callback)
1355	1	singleEarlySweepBill	times	8	2	2	8	8	0	0	0			work.calc(8).times(2, stageCapacity)
1360	1	singleEarlySweepBill	add	8	2	2	8	8	0	0	0			work.calc(8).add(stages, 1)
1364	1	singleEarlySweepBill	times	16	2	2	8	8	8	8	1			work.calc(16).times(slots, work.calc(32).plus(5, keyConstruction, work.calc(8).times(2, occupiedKey)))
1365	1	singleEarlySweepBill	plus	32	3	3	8	8	24	24	1			work.calc(32).plus(5, keyConstruction, work.calc(8).times(2, occupiedKey))
1365	2	singleEarlySweepBill	times	8	2	2	8	8	0	0	0			work.calc(8).times(2, occupiedKey)
1371	1	singleEarlySweepBill	plus	64	15	15	32	32	32	32	2			work.calc(64).plus(30, work.calc(16).times(3, capabilityKey), work.calc(32).times(2 * d.f, 2 + (shooting ? text : capabilityText)), 2 * capabilityText, reservationCopy, shooting ? 6 + keyConstruction + occupiedKey : 0)
1371	2	singleEarlySweepBill	times	16	2	2	8	8	8	8	0			work.calc(16).times(3, capabilityKey)
1372	1	singleEarlySweepBill	times	32	10	9	32	32	0	0	0			work.calc(32).times(2 * d.f, 2 + (shooting ? text : capabilityText))
1377	1	singleEarlySweepBill	plus	64	4	4	8	8	56	56	2			work.calc(64).plus(20, pid, work.calc(16).times(d.f, 5 + capabilityText), work.calc(16).times(stages, work.calc(16).add(2, work.calc(16).times(d.sets, work.calc(32).plus(21, 3 * text, work.calc(8).keyBill(0, d.d))))))
1378	1	singleEarlySweepBill	times	16	5	4	16	8	0	8	0			work.calc(16).times(d.f, 5 + capabilityText)
1379	1	singleEarlySweepBill	times	16	2	2	8	8	8	8	1			work.calc(16).times(stages, work.calc(16).add(2, work.calc(16).times(d.sets, work.calc(32).plus(21, 3 * text, work.calc(8).keyBill(0, d.d)))))
1379	2	singleEarlySweepBill	add	16	2	2	8	8	8	8	1			work.calc(16).add(2, work.calc(16).times(d.sets, work.calc(32).plus(21, 3 * text, work.calc(8).keyBill(0, d.d))))
1380	1	singleEarlySweepBill	times	16	3	2	8	8	8	8	1			work.calc(16).times(d.sets, work.calc(32).plus(21, 3 * text, work.calc(8).keyBill(0, d.d)))
1380	2	singleEarlySweepBill	plus	32	5	5	16	16	16	16	1			work.calc(32).plus(21, 3 * text, work.calc(8).keyBill(0, d.d))
1380	3	singleEarlySweepBill	keyBill	8	3	2	8	8	0	0	0			work.calc(8).keyBill(0, d.d)
1381	1	singleEarlySweepBill	plus	64	14	12	32	32	32	32	1			work.calc(64).plus(occupancy, facilities, requirements, slotSearch, composite, 80, 2 * capabilityText, work.calc(16).times(shooting ? 2 : 1, LITERAL.reservation + APPEND), LITERAL.allocation, LITERAL.capacityBlocker)
1382	1	singleEarlySweepBill	times	16	8	7	16	16	0	0	0			work.calc(16).times(shooting ? 2 : 1, LITERAL.reservation + APPEND)
1392	1	singleEarlySweepBill	plus	32	10	9	32	32	0	0	0			work.calc(32).plus(40, 4 * capabilityText, 2 * capabilityKey, LITERAL.phaseRelease, 6)
1396	1	singleEarlySweepBill	times	16	2	2	8	8	8	8	1			work.calc(16).times(attempts, work.calc(64).plus(release, allocation, 60, LITERAL.phaseEntry, d.workflowCopy, LITERAL.phaseWorkflowOverrides, update))
1396	2	singleEarlySweepBill	plus	64	10	7	32	16	32	48	0			work.calc(64).plus(release, allocation, 60, LITERAL.phaseEntry, d.workflowCopy, LITERAL.phaseWorkflowOverrides, update)
1399	1	singleEarlySweepBill	plus	64	17	13	64	32	0	32	0	helper:smallTransitionBill		work.calc(64).plus(d.workflowCopy, LITERAL.releaseWorkflowOverrides, d.bindingsCopy, LITERAL.derivedBindingOverrides, 16, update, smallTransitionBill(d, 1, 0, 1, work))
1406	1	singleEarlySweepBill	plus	64	12	10	32	32	32	32	1			work.calc(64).plus(d.bindingsCopy, LITERAL.derivedBindingOverrides, 20, 2 * text, shooting ? 0 : work.calc(64).plus(d.bindingsCopy, LITERAL.boundSetOverrides, 60, work.calc(16).times(d.genreRows, 3 + work.calc(8).equality(Math.max(d.dp, d.genreId)))))
1407	1	singleEarlySweepBill	plus	64	6	4	16	8	48	56	1			work.calc(64).plus(d.bindingsCopy, LITERAL.boundSetOverrides, 60, work.calc(16).times(d.genreRows, 3 + work.calc(8).equality(Math.max(d.dp, d.genreId))))
1408	1	singleEarlySweepBill	times	16	5	4	16	8	0	8	1			work.calc(16).times(d.genreRows, 3 + work.calc(8).equality(Math.max(d.dp, d.genreId)))
1408	2	singleEarlySweepBill	equality	8	7	4	16	8	-8	0	0	call:Math.max		work.calc(8).equality(Math.max(d.dp, d.genreId))
1413	1	singleEarlySweepBill	plus	64	15	12	32	32	32	32	1			work.calc(64).plus(40, phaseText, work.calc(16).times(d.t, 8 + 2 * text), d.technologyRowCopy, 12, d.technologyCopy, 12, 4 + 8 * d.t)
1413	2	singleEarlySweepBill	times	16	7	6	16	16	0	0	0			work.calc(16).times(d.t, 8 + 2 * text)
1414	1	singleEarlySweepBill	add	8	2	2	8	8	0	0	0			work.calc(8).add(6, phaseText)
1416	1	singleEarlySweepBill	plus	32	10	8	32	16	0	16	0			work.calc(32).plus(LITERAL.shootingTask, 30, 2 * d.dp, 2 * capabilityText)
1417	1	singleEarlySweepBill	plus	64	10	8	32	16	32	48	0			work.calc(64).plus(transition, binding, lock, task, LITERAL.phaseEvent, LITERAL.stampedEvent, APPEND, 8)
1422	1	singleEarlySweepBill	plus	64	13	11	32	32	32	32	2	helper:orderBill		work.calc(64).plus(orderBill(d, work), 80, work.calc(8).times(8, idKey), work.calc(16).times(2, 25 + 2 + pid + 2 * phaseText), d.pCopy, 15, LITERAL.advanceResult, 12)
1422	2	singleEarlySweepBill	times	8	2	2	8	8	0	0	0			work.calc(8).times(8, idKey)
1423	1	singleEarlySweepBill	times	16	10	10	32	32	-16	-16	0			work.calc(16).times(2, 25 + 2 + pid + 2 * phaseText)
1425	1	singleEarlySweepBill	plus	32	4	4	8	8	24	24	0			work.calc(32).plus(common, entries, releaseCopy, success)
1482	1	sweepBill	equality	8	2	1	8	8	0	0	0			work.calc(8).equality(d.d)
1482	2	sweepBill	equality	8	2	1	8	8	0	0	0			work.calc(8).equality(d.dp)
1483	1	sweepBill	add	8	3	2	8	8	0	0	0			work.calc(8).add(d.d, 26)
1483	2	sweepBill	add	8	2	2	8	8	0	0	1			work.calc(8).add(50, work.calc(8).times(2, d.d))
1483	3	sweepBill	times	8	3	2	8	8	0	0	0			work.calc(8).times(2, d.d)
1486	1	sweepBill	plus	64	4	4	8	8	56	56	2			work.calc(64).plus(30, work.calc(8).times(4, keyConstruction), work.calc(32).times(8, work.calc(8).equality(keyLength)), 160)
1486	2	sweepBill	times	8	2	2	8	8	0	0	0			work.calc(8).times(4, keyConstruction)
1486	3	sweepBill	times	32	2	2	8	8	24	24	1			work.calc(32).times(8, work.calc(8).equality(keyLength))
1486	4	sweepBill	equality	8	1	1	8	8	0	0	0			work.calc(8).equality(keyLength)
1493	1	sweepBill	plus	32	10	9	32	32	0	0	2			work.calc(32).plus(40, 4 * work.calc(8).equality(19), 2 * work.calc(8).keyBill(1, 19), LITERAL.phaseRelease, 6)
1493	2	sweepBill	equality	8	1	1	8	8	0	0	0			work.calc(8).equality(19)
1493	3	sweepBill	keyBill	8	2	2	8	8	0	0	0			work.calc(8).keyBill(1, 19)
1494	1	sweepBill	plus	64	10	8	32	16	32	48	1			work.calc(64).plus(80, singlePostExit ? 0 : work.calc(8).times(8, text), d.workflowCopy, d.bindingsCopy, 70)
1494	2	sweepBill	times	8	2	2	8	8	0	0	0			work.calc(8).times(8, text)
1495	1	sweepBill	plus	64	5	4	16	8	48	56	1			work.calc(64).plus(24, work.calc(32).times(d.sets, 5 + 2 * text), d.setCopy, 18)
1495	2	sweepBill	times	32	7	6	16	16	16	16	0			work.calc(32).times(d.sets, 5 + 2 * text)
1499	1	sweepBill	add	8	2	2	8	8	0	0	0			work.calc(8).add(6, text)
1499	2	sweepBill	plus	64	16	12	32	32	32	32	3			work.calc(64).plus(80, work.calc(32).times(d.t + d.n, 6 + 2 * text), work.calc(32).times(d.adoptions, 8 + 3 * text), work.calc(32).times(2 * d.placements, 8 + 4 * text), d.technologyCopy, d.technologyRowCopy, 25, 2 * (d.t + d.n))
1499	3	sweepBill	times	32	10	8	32	16	0	16	0			work.calc(32).times(d.t + d.n, 6 + 2 * text)
1500	1	sweepBill	times	32	7	6	16	16	16	16	0			work.calc(32).times(d.adoptions, 8 + 3 * text)
1500	2	sweepBill	times	32	9	8	32	16	0	16	0			work.calc(32).times(2 * d.placements, 8 + 4 * text)
1502	1	sweepBill	plus	64	11	9	32	32	32	32	4			work.calc(64).plus(160, d.setupCopy, d.workflowCopy, update, work.calc(32).times(d.access, 8 + 2 * text), work.calc(32).times(d.adoptions, 12 + 3 * text), work.calc(32).times(d.equipment, 8 + 3 * text), work.calc(32).times(2 * d.placements, 8 + 4 * text), 140)
1503	1	sweepBill	times	32	7	6	16	16	16	16	0			work.calc(32).times(d.access, 8 + 2 * text)
1503	2	sweepBill	times	32	7	6	16	16	16	16	0			work.calc(32).times(d.adoptions, 12 + 3 * text)
1504	1	sweepBill	times	32	7	6	16	16	16	16	0			work.calc(32).times(d.equipment, 8 + 3 * text)
1504	2	sweepBill	times	32	9	8	32	16	0	16	0			work.calc(32).times(2 * d.placements, 8 + 4 * text)
1505	1	sweepBill	plus	64	6	4	16	8	48	56	1			work.calc(64).plus(d.taskCopy, d.bindingsCopy, 150, work.calc(32).times(d.genreRows, 3 + work.calc(8).equality(Math.max(d.dp, d.genreId))))
1506	1	sweepBill	times	32	5	4	16	8	16	24	1			work.calc(32).times(d.genreRows, 3 + work.calc(8).equality(Math.max(d.dp, d.genreId)))
1506	2	sweepBill	equality	8	7	4	16	8	-8	0	0	call:Math.max		work.calc(8).equality(Math.max(d.dp, d.genreId))
1511	1	sweepBill	times	8	3	2	8	8	0	0	0			work.calc(8).times(d.n, rounds)
1524	1	sweepBill	add	8	2	2	8	8	0	0	0			work.calc(8).add(slateKeys, keys)
1525	1	sweepBill	add	16	10	9	32	32	-16	-16	0			work.calc(16).add(retainedClaims, keys + (row.shootingTask === null ? 0 : 1))
1528	1	sweepBill	add	8	5	4	16	8	-8	0	0			work.calc(8).add(d.external, slateKeys - 1)
1540	1	sweepBill	add	8	3	2	8	8	0	0	0			work.calc(8).add(post, facility.capacity)
1570	1	sweepBill	times	32	8	6	16	16	16	16	0			work.calc(32).times(d.n / 2, d.n + 3)
1570	2	sweepBill	times	32	8	6	16	16	16	16	0			work.calc(32).times(d.n, (d.n + 3) / 2)
1578	1	sweepBill	add	8	14	14	32	32	-24	-24	0	helper:smallTransitionBill;helper:smallTransitionBill		work.calc(8).add(smallTransitionBill(d, 2, 0, 2, work), smallTransitionBill(d, 0, 1, 1, work))
1581	1	sweepBill	add	16	14	14	32	32	-16	-16	0	helper:smallTransitionBill;helper:smallTransitionBill		work.calc(16).add(smallTransitionBill(d, 1, 0, 1, work), smallTransitionBill(d, 0, 0, 0, work))
1583	1	sweepBill	times	32	2	2	8	8	24	24	0			work.calc(32).times(2, transition)
1585	1	sweepBill	plus	64	22	19	64	64	0	0	1	helper:allocationBill		work.calc(64).plus(releasePhase, 65, wear, phaseTransitions, work.calc(32).times(retainedDevelopment ? 1 : singlePostExit ? 2 : 3, update), allocationBill(d, wrapOnly, work, retainedDevelopment, singleWrapSlot, singlePostExit, retainedClaims, retainedOccupied), d.workflowCopy, d.bindingsCopy, d.pCopy, 150)
1585	2	sweepBill	times	32	8	8	16	16	16	16	0			work.calc(32).times(retainedDevelopment ? 1 : singlePostExit ? 2 : 3, update)
1590	1	sweepBill	plus	64	9	9	32	32	32	32	4	helper:orderBill		work.calc(64).plus(orderBill(d, work), 80, work.calc(32).times(d.n, work.calc(8).keyBill(d.n, d.dp)), work.calc(32).times(commonVisits, work.calc(64).plus(25, work.calc(32).times(4, work.calc(8).keyBill(d.n, d.dp)), 1 + work.calc(32).times(d.n, 1 + pid), 2 * text)), work.calc(32).times(d.n, work.calc(64).plus(d.pCopy, 15, update, d.workflowCopy, d.taskCopy, 100)), work.calc(32).times(d.n, work.calc(8).keyBill(commitments.size, d.dp)))
1590	2	sweepBill	times	32	3	2	8	8	24	24	1			work.calc(32).times(d.n, work.calc(8).keyBill(d.n, d.dp))
1590	3	sweepBill	keyBill	8	4	2	8	8	0	0	0			work.calc(8).keyBill(d.n, d.dp)
1591	1	sweepBill	times	32	2	2	8	8	24	24	1			work.calc(32).times(commonVisits, work.calc(64).plus(25, work.calc(32).times(4, work.calc(8).keyBill(d.n, d.dp)), 1 + work.calc(32).times(d.n, 1 + pid), 2 * text))
1591	2	sweepBill	plus	64	8	8	16	16	48	48	2			work.calc(64).plus(25, work.calc(32).times(4, work.calc(8).keyBill(d.n, d.dp)), 1 + work.calc(32).times(d.n, 1 + pid), 2 * text)
1591	3	sweepBill	times	32	2	2	8	8	24	24	1			work.calc(32).times(4, work.calc(8).keyBill(d.n, d.dp))
1591	4	sweepBill	keyBill	8	4	2	8	8	0	0	0			work.calc(8).keyBill(d.n, d.dp)
1591	5	sweepBill	times	32	5	4	16	8	16	24	0			work.calc(32).times(d.n, 1 + pid)
1592	1	sweepBill	times	32	3	2	8	8	24	24	1			work.calc(32).times(d.n, work.calc(64).plus(d.pCopy, 15, update, d.workflowCopy, d.taskCopy, 100))
1592	2	sweepBill	plus	64	9	6	32	16	32	48	0			work.calc(64).plus(d.pCopy, 15, update, d.workflowCopy, d.taskCopy, 100)
1593	1	sweepBill	times	32	3	2	8	8	24	24	1			work.calc(32).times(d.n, work.calc(8).keyBill(commitments.size, d.dp))
1593	2	sweepBill	keyBill	8	4	2	8	8	0	0	0			work.calc(8).keyBill(commitments.size, d.dp)
1595	1	sweepBill	add	8	2	2	8	8	0	0	1			work.calc(8).add(common, work.calc(32).times(attempts, work.calc(64).plus(enter, policyLock, setup, binding)))
1595	2	sweepBill	times	32	2	2	8	8	24	24	1			work.calc(32).times(attempts, work.calc(64).plus(enter, policyLock, setup, binding))
1595	3	sweepBill	plus	64	4	4	8	8	56	56	0			work.calc(64).plus(enter, policyLock, setup, binding)
1838	1	executeCommand	plus	64	12	10	32	32	32	32	2	helper:workflowUpdate		work.calc(64).plus(150, work.calc(8).times(8, d.d), work.calc(32).times(d.n, 3 + work.calc(8).equality(d.dp)), d.taskCopy, d.workflowCopy, workflowUpdate(d, work), 90)
1838	2	executeCommand	times	8	3	2	8	8	0	0	0			work.calc(8).times(8, d.d)
1838	3	executeCommand	times	32	5	4	16	8	16	24	1			work.calc(32).times(d.n, 3 + work.calc(8).equality(d.dp))
1838	4	executeCommand	equality	8	2	1	8	8	0	0	0			work.calc(8).equality(d.dp)
1845	1	executeCommand	add	16	7	6	16	16	0	0	1	helper:arrivalBill		work.calc(16).add(arrivalBill(d, branch.operations, work), work.calc(32).times(d.n, work.calc(8).equality(d.dp)))
1845	2	executeCommand	times	32	3	2	8	8	24	24	1			work.calc(32).times(d.n, work.calc(8).equality(d.dp))
1845	3	executeCommand	equality	8	2	1	8	8	0	0	0			work.calc(8).equality(d.dp)
1867	1	executeCommand	plus	64	6	5	16	16	48	48	2			work.calc(64).plus(240 + LITERAL.releaseOwner, work.calc(32).times(3 * d.n + input.source.concepts.length + branch.releaseAuthority.commitments.length, 4 + work.calc(8).equality(Math.max(d.d, longestTitle))), work.calc(32).times(4, longestTitle + d.d))
1867	2	executeCommand	times	32	17	10	64	32	-32	0	1			work.calc(32).times(3 * d.n + input.source.concepts.length + branch.releaseAuthority.commitments.length, 4 + work.calc(8).equality(Math.max(d.d, longestTitle)))
1868	1	executeCommand	equality	8	6	4	16	8	-8	0	0	call:Math.max		work.calc(8).equality(Math.max(d.d, longestTitle))
1868	2	executeCommand	times	32	5	4	16	8	16	24	0			work.calc(32).times(4, longestTitle + d.d)
1876	1	executeCommand	plus	64	31	27	64	64	0	0	1	helper:sortBill		work.calc(64).plus(12 + LITERAL.commitment + LITERAL.commitments, 1 + 2 * count, 2 * ('release-commitment'.length + 1 + production.id.length), sortBill(count, 6 + 2 * work.calc(8).equality(d.dp), work))
1878	1	executeCommand	equality	8	2	1	8	8	0	0	0			work.calc(8).equality(d.dp)
1925	1	frame	add	8	2	2	8	8	0	0	1			work.calc(8).add(3, work.calc(32).times(orderedExternal.length, work.calc(8).keyBill(orderedExternal.length, externalKeyLength)))
1925	2	frame	times	32	3	2	8	8	24	24	1			work.calc(32).times(orderedExternal.length, work.calc(8).keyBill(orderedExternal.length, externalKeyLength))
1925	3	frame	keyBill	8	3	2	8	8	0	0	0			work.calc(8).keyBill(orderedExternal.length, externalKeyLength)
1954	1	frame	add	8	2	2	8	8	0	0	1			work.calc(8).add(4, work.calc(32).times(branch.releaseAuthority.commitments.length, 3 + work.calc(8).keyBill(branch.releaseAuthority.commitments.length, committedLength)))
1954	2	frame	times	32	7	4	16	8	16	24	1			work.calc(32).times(branch.releaseAuthority.commitments.length, 3 + work.calc(8).keyBill(branch.releaseAuthority.commitments.length, committedLength))
1955	1	frame	keyBill	8	5	2	16	8	-8	0	0			work.calc(8).keyBill(branch.releaseAuthority.commitments.length, committedLength)
1962	1	frame	plus	64	20	15	64	32	0	32	0			work.calc(64).plus(bill, 15 + LITERAL.sink + 1 + LITERAL.boundary + LITERAL.sweepStarted + APPEND + LITERAL.binding, orderedExternal.length)
2004	1	frame	plus	64	5	4	16	8	48	56	1			work.calc(64).plus(24, work.calc(32).times(branch.sets.length, 5 + 2 * work.calc(8).equality(d.d)), d.setCopy, 18)
2004	2	frame	times	32	8	6	16	16	16	16	1			work.calc(32).times(branch.sets.length, 5 + 2 * work.calc(8).equality(d.d))
2004	3	frame	equality	8	2	1	8	8	0	0	0			work.calc(8).equality(d.d)
2007	1	frame	add	8	2	2	8	8	0	0	1			work.calc(8).add(5, work.calc(32).times(released.length, work.calc(8).keyBill(released.length, d.dp)))
2007	2	frame	times	32	3	2	8	8	24	24	1			work.calc(32).times(released.length, work.calc(8).keyBill(released.length, d.dp))
2007	3	frame	keyBill	8	4	2	8	8	0	0	0			work.calc(8).keyBill(released.length, d.dp)
2012	1	frame	plus	64	5	4	16	8	48	56	1			work.calc(64).plus(5, LITERAL.commitments, 2, work.calc(32).times(branch.releaseAuthority.commitments.length, 5 + work.calc(8).keyBill(released.length, d.dp)))
2012	2	frame	times	32	7	4	16	8	16	24	1			work.calc(32).times(branch.releaseAuthority.commitments.length, 5 + work.calc(8).keyBill(released.length, d.dp))
2013	1	frame	keyBill	8	4	2	8	8	0	0	0			work.calc(8).keyBill(released.length, d.dp)
2016	1	frame	add	8	2	2	8	8	0	0	1			work.calc(8).add(2, work.calc(32).times(branch.productions.length, 4 + work.calc(8).keyBill(released.length, d.dp)))
2016	2	frame	times	32	6	4	16	8	16	24	1			work.calc(32).times(branch.productions.length, 4 + work.calc(8).keyBill(released.length, d.dp))
2016	3	frame	keyBill	8	4	2	8	8	0	0	0			work.calc(8).keyBill(released.length, d.dp)
2043	1	readyProductionId	add	8	2	2	8	8	0	0	0			work.calc(8).add(additions, 1)
2048	1	readyProductionId	add	8	2	2	8	8	0	0	0			work.calc(8).add(visits, 1)
2114	1	readyProductionId	times	16	6	6	16	16	0	0	0			work.calc(16).times(additions / 2, additions - 1)
2115	1	readyProductionId	times	16	6	6	16	16	0	0	0			work.calc(16).times(additions, (additions - 1) / 2)
2117	1	readyProductionId	plus	64	4	4	8	8	56	56	3			work.calc(64).plus(64, work.calc(8).times(visits, 40), work.calc(16).times(additions, work.calc(8).add(9, width)), work.calc(16).times(pairs, work.calc(8).equality(width)))
2117	2	readyProductionId	times	8	2	2	8	8	0	0	0			work.calc(8).times(visits, 40)
2118	1	readyProductionId	times	16	2	2	8	8	8	8	1			work.calc(16).times(additions, work.calc(8).add(9, width))
2118	2	readyProductionId	add	8	2	2	8	8	0	0	0			work.calc(8).add(9, width)
2119	1	readyProductionId	times	16	2	2	8	8	8	8	1			work.calc(16).times(pairs, work.calc(8).equality(width))
2119	2	readyProductionId	equality	8	1	1	8	8	0	0	0			work.calc(8).equality(width)
2126	1	readyProductionId	keyBill	32	8	5	16	16	16	16	0	call:Math.max		work.calc(32).keyBill(taken.size, Math.max(width, base.length))
2128	1	readyProductionId	add	32	2	2	8	8	24	24	1			work.calc(32).add(100, work.calc(32).keyBill(taken.size, Math.max(width, base.length)))
2128	2	readyProductionId	keyBill	32	8	5	16	16	16	16	0	call:Math.max		work.calc(32).keyBill(taken.size, Math.max(width, base.length))
2133	1	readyProductionId	plus	64	2	2	8	8	56	56	1			work.calc(64).plus(100, work.calc(32).times(taken.size + 1, work.calc(8).add(100, work.calc(16).keyBill(taken.size, Math.max(width, 50)))))
2133	2	readyProductionId	times	32	5	4	16	8	16	24	1			work.calc(32).times(taken.size + 1, work.calc(8).add(100, work.calc(16).keyBill(taken.size, Math.max(width, 50))))
2134	1	readyProductionId	add	8	2	2	8	8	0	0	1			work.calc(8).add(100, work.calc(16).keyBill(taken.size, Math.max(width, 50)))
2134	2	readyProductionId	keyBill	16	7	5	16	16	0	0	0	call:Math.max		work.calc(16).keyBill(taken.size, Math.max(width, 50))
2145	1	searchBill	add	16	8	6	16	16	0	0	0			work.calc(16).add(bill, 5 + value.length + needle.length)
2168	1	freelancerBill	add	32	11	8	32	16	0	16	0			work.calc(32).add(contractPrefix[contractPrefix.length - 1]!, 10 + row.talentId.length)
2195	1	freelancerBill	add	32	2	2	8	8	24	24	1			work.calc(32).add(contractBill, work.calc(16).add(contractPrefix[visited]!, work.calc(8).times(visited, person.length)))
2195	2	freelancerBill	add	16	4	4	8	8	8	8	1			work.calc(16).add(contractPrefix[visited]!, work.calc(8).times(visited, person.length))
2196	1	freelancerBill	times	8	3	2	8	8	0	0	0			work.calc(8).times(visited, person.length)
2201	1	freelancerBill	add	8	3	2	8	8	0	0	0			work.calc(8).add(busyChars, person.length)
2209	1	freelancerBill	add	8	4	2	8	8	0	0	0			work.calc(8).add(conceptChars, concept.id.length)
2218	1	freelancerBill	times	16	6	6	16	16	0	0	0			work.calc(16).times(conceptMapCount / 2, conceptMapCount + 1)
2219	1	freelancerBill	times	16	6	6	16	16	0	0	0			work.calc(16).times(conceptMapCount, (conceptMapCount + 1) / 2)
2220	1	freelancerBill	plus	32	3	3	8	8	24	24	2			work.calc(32).plus(work.calc(8).times(10, conceptMapCount), conceptPairs, work.calc(8).times(conceptMapCount, conceptChars))
2220	2	freelancerBill	times	8	2	2	8	8	0	0	0			work.calc(8).times(10, conceptMapCount)
2221	1	freelancerBill	times	8	2	2	8	8	0	0	0			work.calc(8).times(conceptMapCount, conceptChars)
2228	1	freelancerBill	add	8	2	2	8	8	0	0	0			work.calc(8).add(companyRows, 1)
2235	1	freelancerBill	add	32	8	6	16	16	16	16	0			work.calc(32).add(statusBill, 19 + 2 * row.status.length)
2238	1	freelancerBill	add	8	2	2	8	8	0	0	0			work.calc(8).add(writerBill, 12)
2242	1	freelancerBill	add	16	9	6	32	16	-16	0	0			work.calc(16).add(writerBill, 3 + person.length + row.writerId.length)
2247	1	freelancerBill	add	16	6	4	16	8	0	8	0			work.calc(16).add(statusBill, 9 + row.status.length)
2249	1	freelancerBill	add	32	2	2	8	8	24	24	1			work.calc(32).add(writerLookupBill, work.calc(16).keySpanBill(source.concepts.length, conceptChars, row.conceptId.length))
2250	1	freelancerBill	keySpanBill	16	7	3	16	8	0	8	0			work.calc(16).keySpanBill(source.concepts.length, conceptChars, row.conceptId.length)
2251	1	freelancerBill	add	8	4	2	8	8	0	0	0			work.calc(8).add(writerRows, row.writerIds.length)
2262	1	freelancerBill	add	8	2	2	8	8	0	0	0			work.calc(8).add(indexedRows, 1)
2269	1	freelancerBill	add	16	6	4	16	8	0	8	0			work.calc(16).add(statusBill, 7 + project.status.length)
2273	1	freelancerBill	add	8	2	2	8	8	0	0	0			work.calc(8).add(researchSeats, 1)
2279	1	freelancerBill	add	8	4	2	8	8	0	0	0			work.calc(8).add(talentChars, person.id.length)
2290	1	freelancerBill	add	8	4	2	8	8	0	0	0			work.calc(8).add(queryChars, person.id.length)
2299	1	freelancerBill	add	32	2	2	8	8	24	24	2			work.calc(32).add(work.calc(16).times(b, work.calc(16).plus(1, b, busyChars)), work.calc(16).times(work.calc(8).add(1, b), busyChars))
2299	2	freelancerBill	times	16	2	2	8	8	8	8	1			work.calc(16).times(b, work.calc(16).plus(1, b, busyChars))
2299	3	freelancerBill	plus	16	3	3	8	8	8	8	0			work.calc(16).plus(1, b, busyChars)
2300	1	freelancerBill	times	16	2	2	8	8	8	8	1			work.calc(16).times(work.calc(8).add(1, b), busyChars)
2300	2	freelancerBill	add	8	2	2	8	8	0	0	0			work.calc(8).add(1, b)
2301	1	freelancerBill	add	32	2	2	8	8	24	24	2			work.calc(32).add(work.calc(8).times(14, b), work.calc(8).times(3, busyKeys))
2301	2	freelancerBill	times	8	2	2	8	8	0	0	0			work.calc(8).times(14, b)
2301	3	freelancerBill	times	8	2	2	8	8	0	0	0			work.calc(8).times(3, busyKeys)
2302	1	freelancerBill	add	32	2	2	8	8	24	24	2			work.calc(32).add(work.calc(16).times(t, work.calc(16).plus(25, b, busyChars)), work.calc(16).times(work.calc(8).add(1, b), talentChars))
2302	2	freelancerBill	times	16	2	2	8	8	8	8	1			work.calc(16).times(t, work.calc(16).plus(25, b, busyChars))
2302	3	freelancerBill	plus	16	3	3	8	8	8	8	0			work.calc(16).plus(25, b, busyChars)
2303	1	freelancerBill	times	16	2	2	8	8	8	8	1			work.calc(16).times(work.calc(8).add(1, b), talentChars)
2303	2	freelancerBill	add	8	2	2	8	8	0	0	0			work.calc(8).add(1, b)
2308	1	freelancerBill	add	16	2	2	8	8	8	8	1			work.calc(16).add(20, work.calc(8).times(32, queryCount))
2308	2	freelancerBill	times	8	2	2	8	8	0	0	0			work.calc(8).times(32, queryCount)
2317	1	freelancerBill	add	8	5	2	16	8	-8	0	0			work.calc(8).add(employmentChars, row.terms.talentId.length)
2318	1	freelancerBill	add	8	4	2	8	8	0	0	0			work.calc(8).add(studioChars, row.studioId.length)
2330	1	freelancerBill	add	16	2	2	8	8	8	8	1			work.calc(16).add(24, work.calc(16).times(2, work.calc(8).equality(employmentWidth)))
2330	2	freelancerBill	times	16	2	2	8	8	8	8	1			work.calc(16).times(2, work.calc(8).equality(employmentWidth))
2330	3	freelancerBill	equality	8	1	1	8	8	0	0	0			work.calc(8).equality(employmentWidth)
2331	1	freelancerBill	add	16	6	6	16	16	0	0	0	helper:sortBill		work.calc(16).add(12, sortBill(employmentCount, comparator, work))
2334	1	freelancerBill	times	32	2	2	8	8	24	24	1			work.calc(32).times(levels, work.calc(32).add( work.calc(16).times(queryCount, work.calc(8).add(33, employmentWidth)), queryChars))
2334	2	freelancerBill	add	32	2	2	8	8	24	24	1			work.calc(32).add( work.calc(16).times(queryCount, work.calc(8).add(33, employmentWidth)), queryChars)
2335	1	freelancerBill	times	16	2	2	8	8	8	8	1			work.calc(16).times(queryCount, work.calc(8).add(33, employmentWidth))
2335	2	freelancerBill	add	8	2	2	8	8	0	0	0			work.calc(8).add(33, employmentWidth)
2340	1	freelancerBill	add	32	2	2	8	8	24	24	1			work.calc(32).add(work.calc(16).times(queryCount, work.calc(8).add(21, employmentWidth)), queryChars)
2340	2	freelancerBill	times	16	2	2	8	8	8	8	1			work.calc(16).times(queryCount, work.calc(8).add(21, employmentWidth))
2341	1	freelancerBill	add	8	2	2	8	8	0	0	0			work.calc(8).add(21, employmentWidth)
2342	1	freelancerBill	plus	32	4	4	8	8	24	24	3			work.calc(32).plus(work.calc(8).times(66, employmentCount), work.calc(8).times(2, employmentChars), studioChars, work.calc(16).times(employmentCount, h.playerStudioId.length))
2342	2	freelancerBill	times	8	2	2	8	8	0	0	0			work.calc(8).times(66, employmentCount)
2343	1	freelancerBill	times	8	2	2	8	8	0	0	0			work.calc(8).times(2, employmentChars)
2344	1	freelancerBill	times	16	4	2	8	8	8	8	0			work.calc(16).times(employmentCount, h.playerStudioId.length)
2349	1	freelancerBill	plus	64	5	5	16	16	48	48	0			work.calc(64).plus(rival, coldSort, binary, boundary, matches)
2354	1	freelancerBill	plus	64	13	13	32	32	32	32	7			work.calc(64).plus(60, writerBill, conceptMapBill, writerLookupBill, statusBill, work.calc(32).times(writerRows, 30 + LITERAL.writerAssignment + titleWidth * 2), work.calc(8).times(source.scriptDevelopment.projects.length, 12), work.calc(32).times(companyRows, 12), busySetBill, work.calc(8).times(researchSeats, 12), work.calc(32).times(source.technology.projects.length, 6), work.calc(32).times(indexedRows, 6), work.calc(32).times(h?.businesses.length ?? 0, 16))
2355	1	freelancerBill	times	32	9	8	32	16	0	16	0			work.calc(32).times(writerRows, 30 + LITERAL.writerAssignment + titleWidth * 2)
2356	1	freelancerBill	times	8	5	2	16	8	-8	0	0			work.calc(8).times(source.scriptDevelopment.projects.length, 12)
2357	1	freelancerBill	times	32	2	2	8	8	24	24	0			work.calc(32).times(companyRows, 12)
2357	2	freelancerBill	times	8	2	2	8	8	0	0	0			work.calc(8).times(researchSeats, 12)
2358	1	freelancerBill	times	32	5	2	16	8	16	24	0			work.calc(32).times(source.technology.projects.length, 6)
2359	1	freelancerBill	times	32	2	2	8	8	24	24	0			work.calc(32).times(indexedRows, 6)
2359	2	freelancerBill	times	32	7	5	16	16	16	16	0			work.calc(32).times(h?.businesses.length ?? 0, 16)
2363	1	freelancerBill	plus	64	4	4	8	8	56	56	3			work.calc(64).plus(240, work.calc(32).times(source.seed.length + 50, 8), work.calc(32).times(Math.min(t, TUNING.HIRING_FREELANCER_MARKET_SIZE), 100), work.calc(8).times(t, 6))
2363	2	freelancerBill	times	32	6	4	16	8	16	24	0			work.calc(32).times(source.seed.length + 50, 8)
2364	1	freelancerBill	times	32	7	5	16	16	16	16	0	call:Math.min		work.calc(32).times(Math.min(t, TUNING.HIRING_FREELANCER_MARKET_SIZE), 100)
2364	2	freelancerBill	times	8	2	2	8	8	0	0	0			work.calc(8).times(t, 6)
2365	1	freelancerBill	plus	64	5	5	16	16	48	48	0			work.calc(64).plus(busy, rival, random, filterBill, contractBill)
2383	1	readyOccupancyBill	add	16	21	16	64	32	-48	-16	0			work.calc(16).add(productionClaims, row.reservations.length + (row.shootingTask === null ? 0 : 1) + (row.bindings.setId === null ? 0 : 1))
2388	1	readyOccupancyBill	add	8	2	2	8	8	0	0	0			work.calc(8).add(scriptClaims, castingClaims)
2389	1	readyOccupancyBill	plus	64	3	3	8	8	56	56	0			work.calc(64).plus(slotClaims, productionClaims, mounts)
2390	1	readyOccupancyBill	add	8	3	2	8	8	0	0	0			work.calc(8).add(d.d, 26)
2391	1	readyOccupancyBill	plus	64	5	4	16	8	48	56	1			work.calc(64).plus(LITERAL.claim, APPEND, 20, work.calc(32).times(2, 50 + 2 * d.d))
2391	2	readyOccupancyBill	times	32	7	6	16	16	16	16	0			work.calc(32).times(2, 50 + 2 * d.d)
2394	1	readyOccupancyBill	plus	64	8	8	16	16	48	48	7			work.calc(64).plus(160, work.calc(32).times(source.scriptDevelopment.projects.length + source.castingSessions.sessions.length, 16), work.calc(32).times(source.operations.workflows.length, 20), work.calc(8).times(source.sets.length, 14), work.calc(32).times(slotClaims + allClaims, rawClaim), work.calc(32).times(slotClaims, work.calc(64).plus(24, work.calc(8).times(4, work.calc(8).keyBill(slotClaims, keyLength)))), work.calc(8).times(allClaims, 8), work.calc(32).times(slotClaims, 4 + work.calc(8).keyBill(slotClaims, keyLength)))
2395	1	readyOccupancyBill	times	32	10	4	32	8	0	24	0			work.calc(32).times(source.scriptDevelopment.projects.length + source.castingSessions.sessions.length, 16)
2396	1	readyOccupancyBill	times	32	5	2	16	8	16	24	0			work.calc(32).times(source.operations.workflows.length, 20)
2396	2	readyOccupancyBill	times	8	4	2	8	8	0	0	0			work.calc(8).times(source.sets.length, 14)
2397	1	readyOccupancyBill	times	32	4	4	8	8	24	24	0			work.calc(32).times(slotClaims + allClaims, rawClaim)
2398	1	readyOccupancyBill	times	32	2	2	8	8	24	24	1			work.calc(32).times(slotClaims, work.calc(64).plus(24, work.calc(8).times(4, work.calc(8).keyBill(slotClaims, keyLength))))
2398	2	readyOccupancyBill	plus	64	2	2	8	8	56	56	1			work.calc(64).plus(24, work.calc(8).times(4, work.calc(8).keyBill(slotClaims, keyLength)))
2398	3	readyOccupancyBill	times	8	2	2	8	8	0	0	1			work.calc(8).times(4, work.calc(8).keyBill(slotClaims, keyLength))
2398	4	readyOccupancyBill	keyBill	8	2	2	8	8	0	0	0			work.calc(8).keyBill(slotClaims, keyLength)
2399	1	readyOccupancyBill	times	8	2	2	8	8	0	0	0			work.calc(8).times(allClaims, 8)
2399	2	readyOccupancyBill	times	32	4	4	8	8	24	24	1			work.calc(32).times(slotClaims, 4 + work.calc(8).keyBill(slotClaims, keyLength))
2399	3	readyOccupancyBill	keyBill	8	2	2	8	8	0	0	0			work.calc(8).keyBill(slotClaims, keyLength)
2413	1	initialAdmissionBill	add	16	12	9	32	32	-16	-16	0			work.calc(16).add(rawClaims, row.reservations.length + (row.shootingTask === null ? 0 : 1))
2414	1	initialAdmissionBill	add	8	4	2	8	8	0	0	0			work.calc(8).add(indexedClaims, row.reservations.length)
2418	1	initialAdmissionBill	add	8	2	2	8	8	0	0	0			work.calc(8).add(reservationVisits, 1)
2420	1	initialAdmissionBill	add	8	2	2	8	8	0	0	0			work.calc(8).add(rawClaims, 1)
2421	1	initialAdmissionBill	add	8	2	2	8	8	0	0	0			work.calc(8).add(indexedClaims, 1)
2428	1	initialAdmissionBill	add	8	3	2	8	8	0	0	0			work.calc(8).add(developmentCapacity, facility.capacity)
2432	1	initialAdmissionBill	add	8	3	2	8	8	0	0	0			work.calc(8).add(indexedClaims, d.external)
2433	1	initialAdmissionBill	equality	8	2	1	8	8	0	0	0			work.calc(8).equality(d.d)
2433	2	initialAdmissionBill	add	8	3	2	8	8	0	0	0			work.calc(8).add(d.d, 26)
2434	1	initialAdmissionBill	keyBill	8	4	4	8	8	0	0	0			work.calc(8).keyBill(occupied + 1, keyLength)
2439	1	initialAdmissionBill	keyBill	8	2	2	8	8	0	0	0			work.calc(8).keyBill(0, keyLength)
2440	1	initialAdmissionBill	plus	64	4	4	8	8	56	56	3			work.calc(64).plus(40, work.calc(32).times(d.n, 20 + 2 * eq), work.calc(8).times(reservationVisits, 5), work.calc(32).times(rawClaims, work.calc(64).plus(LITERAL.claim, APPEND, 20, work.calc(32).times(2, 50 + 2 * d.d))))
2440	2	initialAdmissionBill	times	32	7	6	16	16	16	16	0			work.calc(32).times(d.n, 20 + 2 * eq)
2441	1	initialAdmissionBill	times	8	2	2	8	8	0	0	0			work.calc(8).times(reservationVisits, 5)
2442	1	initialAdmissionBill	times	32	2	2	8	8	24	24	1			work.calc(32).times(rawClaims, work.calc(64).plus(LITERAL.claim, APPEND, 20, work.calc(32).times(2, 50 + 2 * d.d)))
2442	2	initialAdmissionBill	plus	64	5	4	16	8	48	56	1			work.calc(64).plus(LITERAL.claim, APPEND, 20, work.calc(32).times(2, 50 + 2 * d.d))
2442	3	initialAdmissionBill	times	32	7	6	16	16	16	16	0			work.calc(32).times(2, 50 + 2 * d.d)
2443	1	initialAdmissionBill	plus	64	5	5	16	16	48	48	3			work.calc(64).plus(raw, 40, work.calc(32).times(rawClaims, 16 + 2 * eq), work.calc(32).times(indexedClaims, work.calc(8).times(3, key)), work.calc(32).times(d.external, work.calc(8).add(4, key)))
2444	1	initialAdmissionBill	times	32	6	6	16	16	16	16	0			work.calc(32).times(rawClaims, 16 + 2 * eq)
2445	1	initialAdmissionBill	times	32	2	2	8	8	24	24	1			work.calc(32).times(indexedClaims, work.calc(8).times(3, key))
2445	2	initialAdmissionBill	times	8	2	2	8	8	0	0	0			work.calc(8).times(3, key)
2446	1	initialAdmissionBill	times	32	3	2	8	8	24	24	1			work.calc(32).times(d.external, work.calc(8).add(4, key))
2446	2	initialAdmissionBill	add	8	2	2	8	8	0	0	0			work.calc(8).add(4, key)
2447	1	initialAdmissionBill	plus	64	19	16	64	32	0	32	2	helper:sortBill		work.calc(64).plus(occupancy, 60, work.calc(8).times(d.f, 14), sortBill(d.f, 6 + 2 * eq, work), work.calc(32).times(examined, work.calc(64).plus(14, 50 + 2 * d.d, slotKey, slotKey)), LITERAL.reservation, LITERAL.allocation, 4)
2447	2	initialAdmissionBill	times	8	3	2	8	8	0	0	0			work.calc(8).times(d.f, 14)
2449	1	initialAdmissionBill	times	32	2	2	8	8	24	24	1			work.calc(32).times(examined, work.calc(64).plus(14, 50 + 2 * d.d, slotKey, slotKey))
2449	2	initialAdmissionBill	plus	64	9	8	32	16	32	48	0			work.calc(64).plus(14, 50 + 2 * d.d, slotKey, slotKey)
2453	1	initialAdmissionBill	plus	64	28	21	64	64	0	0	4			work.calc(64).plus(allocation, 80, LITERAL.workflow, d.workflowCopy, work.calc(8).times(2, d.bindingsCopy), 34, work.calc(8).times(2, d.operationsCopy), work.calc(32).times(d.n, 10 + 2 * eq), 70 + 2 * d.d, LITERAL.reservationEvent, LITERAL.phaseEvent, work.calc(32).times(2, LITERAL.stampedEvent + APPEND), 180 + d.dp + d.d)
2454	1	initialAdmissionBill	times	8	3	2	8	8	0	0	0			work.calc(8).times(2, d.bindingsCopy)
2454	2	initialAdmissionBill	times	8	3	2	8	8	0	0	0			work.calc(8).times(2, d.operationsCopy)
2455	1	initialAdmissionBill	times	32	7	6	16	16	16	16	0			work.calc(32).times(d.n, 10 + 2 * eq)
2456	1	initialAdmissionBill	times	32	5	4	16	8	16	24	0			work.calc(32).times(2, LITERAL.stampedEvent + APPEND)
2478	1	admitReady	pay	16	5	3	16	8	0	8	0			work.calc(16).pay(69 + choice.projectId.length)
2482	1	admitReady	plus	64	38	26	>64	64	None	0	0	helper:searchBill;helper:searchBill;helper:searchBill		work.calc(64).plus(120, LITERAL.headerResult, searchBill(source.scriptDevelopment.projects, row => row.id, project.id, work), searchBill(source.castingSessions.sessions, row => row.projectId, project.id, work), searchBill(source.concepts, row => row.id, project.conceptId, work))
2490	1	admitReady	add	16	7	6	16	16	0	0	0			work.calc(16).add(headerBill, 1 + 2 * value.length)
2493	1	admitReady	add	16	7	6	16	16	0	0	0			work.calc(16).add(headerBill, 6 + 2 * value.length)
2502	1	admitReady	plus	64	18	12	64	32	0	32	0			work.calc(64).plus(headerBill, 220, sessionWidth, project.id.length * 2, project.conceptId.length * 2, LITERAL.headerFacts, LITERAL.screenplayChoice, 4)
2510	1	admitReady	plus	64	5	3	16	8	48	56	0			work.calc(64).plus(LITERAL.staffingResult, LITERAL.cast, 70)
2513	1	admitReady	plus	64	12	10	32	32	32	32	0	helper:searchBill		work.calc(64).plus(staffingBill, searchBill(source.talent, row => row.id, id, work), 26)
2517	1	admitReady	plus	64	12	10	32	32	32	32	0	helper:searchBill		work.calc(64).plus(staffingBill, searchBill(source.talent, row => row.id, id, work), 64)
2523	1	admitReady	plus	64	14	12	32	32	32	32	2	call:Math.max		work.calc(64).plus(staffingBill, 320, Math.max(22, idWidth) * 4, LITERAL.staffingChoice, 4, work.calc(32).times(assignments, work.calc(64).plus(LITERAL.roleAssignment, 40, work.calc(8).times(2, work.calc(8).keyBill(assignments, idWidth)))), work.calc(32).times(3, work.calc(8).keyBill(3, idWidth)))
2524	1	admitReady	times	32	2	2	8	8	24	24	1			work.calc(32).times(assignments, work.calc(64).plus(LITERAL.roleAssignment, 40, work.calc(8).times(2, work.calc(8).keyBill(assignments, idWidth))))
2524	2	admitReady	plus	64	4	3	8	8	56	56	1			work.calc(64).plus(LITERAL.roleAssignment, 40, work.calc(8).times(2, work.calc(8).keyBill(assignments, idWidth)))
2525	1	admitReady	times	8	2	2	8	8	0	0	1			work.calc(8).times(2, work.calc(8).keyBill(assignments, idWidth))
2525	2	admitReady	keyBill	8	2	2	8	8	0	0	0			work.calc(8).keyBill(assignments, idWidth)
2526	1	admitReady	times	32	2	2	8	8	24	24	1			work.calc(32).times(3, work.calc(8).keyBill(3, idWidth))
2526	2	admitReady	keyBill	8	2	2	8	8	0	0	0			work.calc(8).keyBill(3, idWidth)
2547	1	admitReady	plus	64	2	2	8	8	56	56	1			work.calc(64).plus(3, work.calc(32).times(busyRows.length, work.calc(8).keyBill(busyRows.length, idWidth)))
2547	2	admitReady	times	32	3	2	8	8	24	24	1			work.calc(32).times(busyRows.length, work.calc(8).keyBill(busyRows.length, idWidth))
2547	3	admitReady	keyBill	8	3	2	8	8	0	0	0			work.calc(8).keyBill(busyRows.length, idWidth)
2550	1	admitReady	plus	64	8	7	16	16	48	48	1	call:Math.max		work.calc(64).plus(160, Math.max(22, idWidth), work.calc(32).times(staffing.engagedIds.length, 5 + work.calc(8).keyBill(busy.size, idWidth)), 4)
2550	2	admitReady	times	32	6	4	16	8	16	24	1			work.calc(32).times(staffing.engagedIds.length, 5 + work.calc(8).keyBill(busy.size, idWidth))
2551	1	admitReady	keyBill	8	3	2	8	8	0	0	0			work.calc(8).keyBill(busy.size, idWidth)
2565	1	admitReady	plus	64	3	3	8	8	56	56	2			work.calc(64).plus(8, work.calc(32).times(source.contracts.length, 10 + work.calc(8).equality(contractWidth)), work.calc(8).keyBill(staffing.engagedIds.length, contractWidth))
2565	2	admitReady	times	32	6	4	16	8	16	24	1			work.calc(32).times(source.contracts.length, 10 + work.calc(8).equality(contractWidth))
2566	1	admitReady	equality	8	1	1	8	8	0	0	0			work.calc(8).equality(contractWidth)
2566	2	admitReady	keyBill	8	4	2	8	8	0	0	0			work.calc(8).keyBill(staffing.engagedIds.length, contractWidth)
2572	1	admitReady	pay	8	4	4	8	8	0	0	0	helper:freelancerBill		work.calc(8).pay(freelancerBill(source, work))
2574	1	admitReady	plus	64	2	2	8	8	56	56	1			work.calc(64).plus(3, work.calc(32).times(market.length, work.calc(8).keyBill(market.length, contractWidth)))
2574	2	admitReady	times	32	3	2	8	8	24	24	1			work.calc(32).times(market.length, work.calc(8).keyBill(market.length, contractWidth))
2574	3	admitReady	keyBill	8	3	2	8	8	0	0	0			work.calc(8).keyBill(market.length, contractWidth)
2577	1	admitReady	plus	64	10	8	32	16	32	48	1	call:Math.max		work.calc(64).plus(LITERAL.employmentFacts, 180, Math.max(22, idWidth), 4, work.calc(32).times(staffing.engagedIds.length, work.calc(64).plus(10, work.calc(8).keyBill(contracted.size, contractWidth), work.calc(8).keyBill(freelancerIds.size, contractWidth))))
2578	1	admitReady	times	32	4	2	8	8	24	24	1			work.calc(32).times(staffing.engagedIds.length, work.calc(64).plus(10, work.calc(8).keyBill(contracted.size, contractWidth), work.calc(8).keyBill(freelancerIds.size, contractWidth)))
2578	2	admitReady	plus	64	3	3	8	8	56	56	2			work.calc(64).plus(10, work.calc(8).keyBill(contracted.size, contractWidth), work.calc(8).keyBill(freelancerIds.size, contractWidth))
2579	1	admitReady	keyBill	8	3	2	8	8	0	0	0			work.calc(8).keyBill(contracted.size, contractWidth)
2579	2	admitReady	keyBill	8	3	2	8	8	0	0	0			work.calc(8).keyBill(freelancerIds.size, contractWidth)
2585	1	admitReady	pay	32	15	11	32	32	0	0	0			work.calc(32).pay(LITERAL.readyClock + LITERAL.cast + 1 + 2 * choice.craftIds.length + 8)
2590	1	admitReady	pay	16	7	5	16	16	0	0	0			work.calc(16).pay(3 + 2 * branch.productions.length)
2594	1	admitReady	pay	8	5	5	16	16	-8	-8	0	helper:readyOccupancyBill		work.calc(8).pay(readyOccupancyBill(source, d, work))
2600	1	admitReady	plus	64	3	3	8	8	56	56	2			work.calc(64).plus(16, work.calc(8).times(slotCount, 2), work.calc(32).times(slotCount, work.calc(8).keyBill(slotCount, d.d + 26)))
2600	2	admitReady	times	8	2	2	8	8	0	0	0			work.calc(8).times(slotCount, 2)
2601	1	admitReady	times	32	2	2	8	8	24	24	1			work.calc(32).times(slotCount, work.calc(8).keyBill(slotCount, d.d + 26))
2601	2	admitReady	keyBill	8	5	4	16	8	-8	0	0			work.calc(8).keyBill(slotCount, d.d + 26)
2607	1	admitReady	pay	16	6	5	16	16	0	0	0	helper:initialAdmissionBill		work.calc(16).pay(initialAdmissionBill(d, branch.operations, work))
2618	1	admitReady	plus	64	16	13	32	32	32	32	1	helper:work.copyCost;helper:work.copyCost		work.calc(64).plus(190, linkWidth * 2, work.copyCost(source.scriptDevelopment), work.copyCost(project), 40, work.calc(32).times(source.scriptDevelopment.projects.length, 16 + 4 * work.calc(8).equality(linkWidth)), 4)
2619	1	admitReady	times	32	9	6	32	16	0	16	1			work.calc(32).times(source.scriptDevelopment.projects.length, 16 + 4 * work.calc(8).equality(linkWidth))
2619	2	admitReady	equality	8	1	1	8	8	0	0	0			work.calc(8).equality(linkWidth)
2634	1	admitReady	pay	32	12	9	32	32	0	0	0			work.calc(32).pay(30 + LITERAL.prepared + 3 + 2 * prepared.pictures.length)
2732	1	replayPlans	plus	64	7	6	16	16	48	48	2			work.calc(64).plus(LITERAL.branch, 3, 2, work.calc(32).times(prepared.fixed.length, 10 + LITERAL.ledgerRow), 2, work.calc(32).times(prepared.pictures.length, 3 + LITERAL.calendar))
2732	2	replayPlans	times	32	7	4	16	8	16	24	0			work.calc(32).times(prepared.fixed.length, 10 + LITERAL.ledgerRow)
2733	1	replayPlans	times	32	7	4	16	8	16	24	0			work.calc(32).times(prepared.pictures.length, 3 + LITERAL.calendar)
